Counter,Date/time,Latitude,Longitude,Temperature,Humidity,Pressure,Compass
1,2024-04-28 00:39:15.635521,32.6029582749661,127.58556086210508,31.5,30.7,992.7,347.6
1,2024-04-28 00:39:16.677668,32.55316414330476,127.64462809865773,32.4,30.7,992.7,347.6
2,2024-04-28 00:39:17.305511,32.52514795856294,127.67781378047889,31.8,30.4,992.7,347.6
2,2024-04-28 00:39:18.329426,32.47958773248267,127.73170727945198,31.5,30.5,992.7,347.6
3,2024-04-28 00:39:18.885387,32.45496853665309,127.76079176329883,31.7,30.7,992.7,347.6
3,2024-04-28 00:39:19.906186,32.40998178731734,127.81386980977527,31.5,30.5,992.7,347.6
4,2024-04-28 00:39:20.472535,32.385003148888956,127.84330317414299,31.8,30.4,992.7,347.6
4,2024-04-28 00:39:21.493329,32.339951117555955,127.89632162781719,31.5,30.5,992.7,347.7
5,2024-04-28 00:39:22.301198,32.30492266050126,127.93748360499302,32.2,30.3,992.7,347.7
5,2024-04-28 00:39:23.336365,32.25915924496938,127.99118085241584,31.7,30.0,992.7,347.7
6,2024-04-28 00:39:23.901378,32.233571867928966,128.0211651407189,31.9,30.8,992.7,347.7
6,2024-04-28 00:39:24.922201,32.188438974784106,128.07398555122103,31.7,30.8,992.7,347.7
7,2024-04-28 00:39:25.486989,32.16344078321342,128.10320441737437,31.8,30.5,992.7,347.7
7,2024-04-28 00:39:26.507714,32.11828061970245,128.15592223702825,31.7,31.0,992.7,347.7
8,2024-04-28 00:39:27.085663,32.09307993888417,128.1853028370562,31.9,30.5,992.7,347.7
8,2024-04-28 00:39:28.108908,32.04745368117834,128.2384288530045,31.4,31.0,992.7,347.7
9,2024-04-28 00:39:28.807800,32.01670382569184,128.27418386736147,31.8,30.6,992.7,347.8
9,2024-04-28 00:39:29.832088,31.97111446404779,128.32712101241785,31.8,30.7,992.7,347.8
10,2024-04-28 00:39:30.398513,31.9458326071024,128.35644025879927,31.9,31.2,992.7,347.8
10,2024-04-28 00:39:31.420364,31.900553913820882,128.40888333783076,31.9,30.4,992.7,347.8
11,2024-04-28 00:39:32.048800,31.87258357974052,128.44123692334236,31.8,30.6,992.7,347.8
11,2024-04-28 00:39:33.086873,31.827222685049065,128.4936376693091,32.4,30.5,992.7,347.8
12,2024-04-28 00:39:33.667800,31.800687876910498,128.5242513095756,31.8,30.7,992.7,347.8
12,2024-04-28 00:39:34.689226,31.75529744508133,128.57655200956145,31.5,30.4,992.7,347.8
13,2024-04-28 00:39:35.254339,31.730116690757654,128.60552994445578,31.9,30.8,992.7,347.8
13,2024-04-28 00:39:36.275482,31.684713753576656,128.65771417076272,32.3,30.5,992.7,347.9
14,2024-04-28 00:39:36.844077,31.65937145588192,128.68680509465315,31.8,30.7,992.7,347.9
14,2024-04-28 00:39:37.864907,31.613926137646086,128.73890749895332,31.8,30.8,992.7,347.9
15,2024-04-28 00:39:38.599212,31.58119713152236,128.7763791575261,31.9,30.3,992.7,347.9
15,2024-04-28 00:39:39.620397,31.535692068274003,128.8284065678292,32.1,30.7,992.7,347.9
16,2024-04-28 00:39:40.174326,31.510971314979244,128.85663577477303,31.8,30.8,992.7,348.0
16,2024-04-28 00:39:41.195051,31.46544137402102,128.9085635278564,31.8,30.6,992.8,348.0
17,2024-04-28 00:39:41.759181,31.440238851933305,128.9372719350094,31.8,30.7,992.8,348.0
17,2024-04-28 00:39:42.780175,31.3946778098006,128.9891068425063,31.8,30.4,992.7,348.0
18,2024-04-28 00:39:43.342603,31.369521503628285,129.01769198326897,31.9,30.7,992.7,348.0
18,2024-04-28 00:39:44.380220,31.323902933376303,129.06946466374683,32.6,30.8,992.7,348.0
19,2024-04-28 00:39:44.966453,31.29697883137114,129.0999824665331,31.8,30.6,992.8,348.0
19,2024-04-28 00:39:45.987513,31.251308262288497,129.151683869131,31.5,30.4,992.8,348.0
20,2024-04-28 00:39:46.552101,31.22601182852643,129.18028559097758,31.8,30.5,992.8,348.1
20,2024-04-28 00:39:47.572808,31.180336946667442,129.23186524438444,32.1,30.5,992.7,348.1
21,2024-04-28 00:39:48.135932,31.155098290217076,129.26033191012505,31.8,30.8,992.7,348.1
21,2024-04-28 00:39:49.156716,31.109386299240178,129.31182758678207,31.5,30.3,992.7,348.1
22,2024-04-28 00:39:49.847146,31.078757520385096,129.34628647785942,31.9,30.7,992.7,348.1
22,2024-04-28 00:39:50.868950,31.03263136766236,129.3981125185121,32.5,30.7,992.7,348.1
23,2024-04-28 00:39:51.407165,31.008482554193215,129.4252128651278,31.8,30.4,992.7,348.1
23,2024-04-28 00:39:52.442344,30.96204974393763,129.4772581195871,31.6,30.7,992.7,348.1
24,2024-04-28 00:39:53.010693,30.93649252950814,129.505869394328,31.8,30.3,992.7,348.1
24,2024-04-28 00:39:54.031771,30.890644093906896,129.5571344245726,31.9,30.1,992.7,348.1
25,2024-04-28 00:39:54.602959,30.864950032975802,129.5858291639685,31.9,31.0,992.7,348.1
25,2024-04-28 00:39:55.624570,30.81906428907425,129.63701160884335,32.3,30.6,992.7,348.1
26,2024-04-28 00:39:56.195359,30.793353790268924,129.66565524771565,31.8,30.6,992.7,348.1
26,2024-04-28 00:39:57.216459,30.747441790698947,129.71674329301885,32.1,30.3,992.7,348.2
27,2024-04-28 00:39:57.786726,30.721775320329858,129.74526895816732,31.7,30.6,992.7,348.2
27,2024-04-28 00:39:58.807564,30.67579742211687,129.79630722977694,32.2,30.6,992.7,348.2
28,2024-04-28 00:39:59.374494,30.65023708471675,129.82464673394054,31.9,30.5,992.7,348.2
28,2024-04-28 00:40:00.412630,30.604244970333767,129.87557851864764,31.5,30.8,992.7,348.2
29,2024-04-28 00:40:01.028011,30.57573141517088,129.90711521305047,31.9,30.6,992.7,348.2
29,2024-04-28 00:40:02.050318,30.529682058011975,129.95798365498212,32.0,30.8,992.7,348.2
30,2024-04-28 00:40:02.625950,30.50363449554125,129.98672259470064,32.0,30.6,992.7,348.2
30,2024-04-28 00:40:03.646884,30.457581395549354,130.03747333988903,31.9,30.7,992.7,348.2
31,2024-04-28 00:40:04.217278,30.431801206488075,130.06584941430359,32.0,30.6,992.7,348.2
31,2024-04-28 00:40:05.237951,30.385710171280497,130.1165211985229,31.7,30.6,992.7,348.3
32,2024-04-28 00:40:05.959300,30.3534399424423,130.1519527062763,31.9,30.4,992.7,348.3
32,2024-04-28 00:40:06.982081,30.306930204094556,130.20295240566497,32.3,29.1,992.7,348.3
33,2024-04-28 00:40:07.548773,30.281219600859174,130.23111158316456,31.9,30.5,992.7,348.3
33,2024-04-28 00:40:08.569567,30.235055878202996,130.28161213183154,31.9,30.4,992.8,348.3
34,2024-04-28 00:40:09.138788,30.209261706533006,130.30979626345024,31.9,30.8,992.7,348.3
34,2024-04-28 00:40:10.159679,30.163058377719736,130.36022115502337,31.9,30.4,992.8,348.3
35,2024-04-28 00:40:10.727296,30.13732155328072,130.38827655894903,31.8,30.5,992.8,348.4
35,2024-04-28 00:40:11.764807,30.091062394234772,130.43864399862576,31.9,30.6,992.8,348.4
36,2024-04-28 00:40:12.355863,30.0635385534168,130.46857628998,31.8,30.7,992.7,348.4
36,2024-04-28 00:40:13.376666,30.017238452643895,130.51886754879516,32.4,30.6,992.7,348.4
37,2024-04-28 00:40:13.945044,29.99142458710187,130.5468738749419,31.8,30.5,992.8,348.4
37,2024-04-28 00:40:14.965953,29.945111197305653,130.5970622585934,32.5,30.6,992.8,348.4
38,2024-04-28 00:40:15.534983,29.919253528100192,130.6250507867815,31.8,30.5,992.8,348.4
38,2024-04-28 00:40:16.555830,29.872907588930723,130.67515765905344,32.3,30.7,992.8,348.4
39,2024-04-28 00:40:17.274970,29.840574794733794,130.71007003661688,31.9,30.2,992.8,348.5
39,2024-04-28 00:40:18.297019,29.7937994010595,130.76051321841294,31.6,30.5,992.7,348.5
40,2024-04-28 00:40:18.841541,29.768981439608982,130.78724655552608,31.9,30.9,992.7,348.5
40,2024-04-28 00:40:19.862230,29.722558156701695,130.83719575053064,31.9,30.6,992.7,348.5
41,2024-04-28 00:40:20.431692,29.696629506973416,130.86506153072418,32.0,30.5,992.7,348.5
41,2024-04-28 00:40:21.452454,29.65017213602756,130.9149322296805,31.9,30.5,992.7,348.5
42,2024-04-28 00:40:22.021023,29.624261411557903,130.94271469809257,31.9,30.7,992.7,348.5
42,2024-04-28 00:40:23.058695,29.577736762253632,130.99254292746693,32.1,30.6,992.7,348.5
43,2024-04-28 00:40:23.643895,29.550301283273463,131.02189212954428,31.9,30.5,992.7,348.5
43,2024-04-28 00:40:24.664690,29.503779323713136,131.07160104568206,31.8,30.5,992.8,348.6
44,2024-04-28 00:40:24.683829,29.50287171360505,131.07257010542014,31.8,30.5,992.8,348.6
44,2024-04-28 00:40:25.705401,29.456314577172854,131.1222422360973,31.6,30.6,992.7,348.6
45,2024-04-28 00:40:25.722872,29.455401051394936,131.1232161549965,31.6,30.6,992.7,348.6
45,2024-04-28 00:40:26.744821,29.408887759742274,131.17276749769414,32.1,30.7,992.7,348.6
46,2024-04-28 00:40:26.762496,29.407956353753637,131.17375900020565,32.1,30.7,992.7,348.6
46,2024-04-28 00:40:27.784168,29.36142183427455,131.22325919717002,32.1,30.4,992.7,348.7
47,2024-04-28 00:40:27.801960,29.360493086071088,131.22424640091754,32.1,30.4,992.7,348.7
47,2024-04-28 00:40:28.845670,29.313917618552573,131.27371657904501,31.9,30.6,992.7,348.7
48,2024-04-28 00:40:28.881010,29.311959099848632,131.27579524465733,31.9,30.6,992.7,348.7
48,2024-04-28 00:40:29.902780,29.26460209585789,131.3260187611981,31.9,30.6,992.7,348.7
49,2024-04-28 00:40:29.922829,29.26367655597489,131.32699958552982,32.0,30.6,992.7,348.7
49,2024-04-28 00:40:30.945130,29.216971546153864,131.37645772549243,32.0,30.6,992.7,348.8
50,2024-04-28 00:40:30.964924,29.215983585136957,131.37750314863956,32.0,30.6,992.7,348.8
50,2024-04-28 00:40:31.986179,29.16930667753678,131.4268583771649,31.9,30.5,992.7,348.8
51,2024-04-28 00:40:32.005185,29.168370599358138,131.42784743695157,31.9,30.5,992.7,348.8
51,2024-04-28 00:40:33.026126,29.121696771229022,131.47712665422424,32.0,31.2,992.7,348.8
52,2024-04-28 00:40:33.045824,29.12076720913067,131.47810738313794,32.0,31.2,992.7,348.9
52,2024-04-28 00:40:34.086569,29.07399991142227,131.5274126161289,31.9,30.9,992.7,348.9
53,2024-04-28 00:40:34.120571,29.07217017843465,131.5293401978194,31.9,30.9,992.7,348.9
53,2024-04-28 00:40:42.820971,28.672331315324712,131.9479816843426,32.3,31.0,992.7,348.9
54,2024-04-28 00:40:42.840286,28.671333291998348,131.94902028569734,32.3,31.0,992.7,348.9
54,2024-04-28 00:40:43.862339,28.62438498915739,131.99784211391764,31.8,30.5,992.7,348.9
55,2024-04-28 00:40:43.881151,28.62344525897114,131.99881863998897,31.8,30.5,992.7,349.0
55,2024-04-28 00:40:44.903977,28.57647885531824,132.04758888823875,31.7,30.4,992.8,349.0
56,2024-04-28 00:40:44.923504,28.57548525805185,132.0486199030044,31.7,30.4,992.8,349.0
56,2024-04-28 00:40:45.945422,28.52851281405783,132.09732619185746,31.7,30.5,992.7,349.0
57,2024-04-28 00:40:45.967017,28.52754984742399,132.09832398588915,32.0,30.4,992.7,349.0
57,2024-04-28 00:40:47.004515,28.480440253686705,132.14710226744518,31.8,30.6,992.7,349.0
58,2024-04-28 00:40:47.036106,28.47870900366451,132.1488935315052,32.0,31.2,992.7,349.1
58,2024-04-28 00:40:48.058188,28.431178504402926,132.1980355229972,32.0,31.9,992.7,349.1
59,2024-04-28 00:40:48.076859,28.430223502635712,132.19902218940658,32.0,31.9,992.7,349.1
59,2024-04-28 00:40:49.098676,28.383201572322964,132.2475685074827,32.0,30.6,992.8,349.1
60,2024-04-28 00:40:49.116290,28.382250152409018,132.24855007001443,32.0,30.6,992.8,349.1
60,2024-04-28 00:40:50.137739,28.33526701866163,132.29698720409485,32.1,30.6,992.7,349.2
61,2024-04-28 00:40:50.156731,28.334324398960746,132.29795830407184,32.1,30.6,992.7,349.2
61,2024-04-28 00:40:51.177696,28.28725711687621,132.3464131885611,32.1,30.9,992.7,349.2
62,2024-04-28 00:40:51.196758,28.28634375217018,132.3473528124719,32.1,30.9,992.8,349.2
62,2024-04-28 00:40:52.230993,28.239228372113008,132.39578835793594,32.0,30.8,992.7,349.2
63,2024-04-28 00:40:52.261674,28.237689869840207,132.3973688324119,32.2,30.6,992.7,349.2
63,2024-04-28 00:40:53.303202,28.190045494051404,132.44627752325658,32.7,30.5,992.8,349.3
64,2024-04-28 00:40:53.327543,28.18818736274694,132.44818357204124,32.7,30.5,992.8,349.3
64,2024-04-28 00:40:54.349440,28.14082680259964,132.49673031233786,31.8,30.3,992.7,349.3
65,2024-04-28 00:40:54.369712,28.139862519647462,132.49771804467818,31.8,30.3,992.7,349.3
65,2024-04-28 00:40:55.391353,28.092634611956385,132.54606024992557,32.7,30.7,992.7,349.3
66,2024-04-28 00:40:55.410757,28.09168234027092,132.54703430129163,32.7,30.7,992.7,349.3
66,2024-04-28 00:40:56.432354,28.044491556792153,132.59527040571245,32.4,30.6,992.7,349.4
67,2024-04-28 00:40:56.450882,28.04354839501337,132.59623378106565,32.4,30.6,992.7,349.4
67,2024-04-28 00:40:57.490338,27.996354291196024,132.64440547693647,32.1,30.4,992.8,349.4
68,2024-04-28 00:40:57.528480,27.994560334741077,132.64623528589934,32.0,30.2,992.8,349.4
68,2024-04-28 00:40:58.550225,27.946480302180834,132.69524060900477,32.1,30.6,992.8,349.4
69,2024-04-28 00:40:58.568783,27.945529633530366,132.69620888209943,32.1,30.6,992.8,349.4
69,2024-04-28 00:40:59.590482,27.89831449801067,132.74426472069885,32.1,30.7,992.7,349.4
70,2024-04-28 00:40:59.609936,27.89738222066874,132.7452129351858,32.1,30.7,992.7,349.5
70,2024-04-28 00:41:00.631145,27.850092368412774,132.79327761465825,32.1,30.6,992.7,349.5
71,2024-04-28 00:41:00.651050,27.84915477466312,132.79422990546564,32.1,30.6,992.7,349.5
71,2024-04-28 00:41:01.673430,27.80182899370444,132.84226402319533,32.0,30.4,992.8,349.5
72,2024-04-28 00:41:01.692978,27.800851868243306,132.84325508204452,32.0,30.4,992.7,349.5
72,2024-04-28 00:41:02.736184,27.753490413025006,132.8912584360584,32.0,30.8,992.8,349.5
73,2024-04-28 00:41:02.766078,27.751505256661684,132.8932690680541,32.5,30.0,992.8,349.5
73,2024-04-28 00:41:03.787327,27.70374685903504,132.94160577393316,31.9,30.7,992.7,349.6
74,2024-04-28 00:41:03.806699,27.70282627367958,132.94253685532283,31.9,30.7,992.7,349.6
74,2024-04-28 00:41:04.828095,27.65544975938133,132.99042035914502,31.7,30.5,992.7,349.6
75,2024-04-28 00:41:04.845798,27.654513090521164,132.99136639636794,31.7,30.5,992.7,349.6
75,2024-04-28 00:41:05.868435,27.607207615080707,133.03911205454185,32.5,30.6,992.8,349.6
76,2024-04-28 00:41:05.887481,27.60620219041984,133.04012613427153,32.5,30.6,992.8,349.6
76,2024-04-28 00:41:06.909182,27.55882597228938,133.08787721209399,32.0,30.6,992.7,349.6
77,2024-04-28 00:41:06.928832,27.557881350932142,133.0888286519465,32.0,30.6,992.7,349.6
77,2024-04-28 00:41:07.963972,27.51039471834378,133.1366250998471,31.8,30.5,992.7,349.6
78,2024-04-28 00:41:08.008068,27.5088393987193,133.13818947530524,32.1,29.9,992.7,349.6
78,2024-04-28 00:41:09.039524,27.460264856359988,133.18701208912677,32.0,30.4,992.7,349.6
79,2024-04-28 00:41:09.058496,27.458859741972358,133.18842337856216,32.0,30.4,992.7,349.6
79,2024-04-28 00:41:10.080402,27.41140454985959,133.2360541612301,32.1,30.4,992.7,349.6
80,2024-04-28 00:41:10.100448,27.41044745463917,133.23701414004572,32.1,30.4,992.7,349.6
80,2024-04-28 00:41:11.122730,27.36291558178201,133.28465658490725,32.1,30.6,992.7,349.6
81,2024-04-28 00:41:11.148963,27.36193514154312,133.28563863332144,32.1,30.6,992.8,349.6
81,2024-04-28 00:41:12.170756,27.31411645682223,133.33350284010302,32.0,30.6,992.7,349.6
82,2024-04-28 00:41:12.190409,27.313172057405513,133.33444748988867,32.0,30.6,992.7,349.7
82,2024-04-28 00:41:13.229462,27.26560979383841,133.38198994940382,32.0,30.4,992.8,349.7
83,2024-04-28 00:41:13.267137,27.263829700612927,133.3837680690741,32.6,30.0,992.8,349.7
83,2024-04-28 00:41:14.289963,27.215451709991413,133.43205846713192,31.9,30.5,992.8,349.7
84,2024-04-28 00:41:14.308835,27.214465645576105,133.4330420659555,31.9,30.5,992.8,349.7
84,2024-04-28 00:41:15.330183,27.166921730137616,133.48043494025458,31.8,30.4,992.8,349.7
85,2024-04-28 00:41:15.350351,27.16597147743882,133.48138153265302,31.8,30.4,992.8,349.7
85,2024-04-28 00:41:16.372057,27.11835955253358,133.52877795729822,32.1,30.6,992.8,349.8
86,2024-04-28 00:41:16.390963,27.117411332366196,133.5297212471735,32.1,30.6,992.8,349.8
86,2024-04-28 00:41:17.412656,27.0698054825386,133.57704760056376,31.8,30.6,992.8,349.8
87,2024-04-28 00:41:17.431309,27.06888332503101,133.57796372593037,31.8,30.6,992.8,349.8
87,2024-04-28 00:41:18.468897,27.02125802612307,133.62524563834046,32.6,30.7,992.7,349.8
88,2024-04-28 00:41:18.502631,27.01956006252388,133.62693020707295,32.0,29.1,992.7,349.8
88,2024-04-28 00:41:19.524057,26.971263611754797,133.67481252346087,32.2,30.5,992.7,349.8
89,2024-04-28 00:41:19.542227,26.970338540589644,133.6757290382937,32.2,30.5,992.7,349.9
89,2024-04-28 00:41:20.564013,26.92270626756505,133.72288912796952,32.0,30.6,992.7,349.9
90,2024-04-28 00:41:20.581290,26.921763303197636,133.72382211936826,32.0,30.6,992.7,349.9
90,2024-04-28 00:41:21.602981,26.874162099744765,133.77088842058058,32.2,30.7,992.8,349.9
91,2024-04-28 00:41:21.621043,26.87320959410489,133.77182959388935,32.2,30.7,992.8,349.9
91,2024-04-28 00:41:22.642379,26.825583895504646,133.81885729160481,32.2,30.7,992.8,349.9
92,2024-04-28 00:41:22.660925,26.82461735424062,133.81981106054525,32.2,30.7,992.8,349.9
92,2024-04-28 00:41:23.700220,26.77691894040706,133.8668478037935,32.1,30.5,992.7,350.0
93,2024-04-28 00:41:23.737220,26.77513122281117,133.86860952858504,31.9,30.5,992.7,350.0
93,2024-04-28 00:41:24.758959,26.7265995166081,133.91640273583388,31.9,30.4,992.8,350.0
94,2024-04-28 00:41:24.778825,26.725635272058593,133.91735166623045,31.9,29.8,992.8,350.0
94,2024-04-28 00:41:25.822230,26.67788842040961,133.96430902497346,31.7,30.6,992.7,350.0
95,2024-04-28 00:41:25.912450,26.67587620953025,133.96628662366197,31.7,30.6,992.7,350.0
95,2024-04-28 00:41:26.944741,26.62477342266957,134.0164741493134,32.2,30.6,992.8,350.1
96,2024-04-28 00:41:26.963680,26.623331112261642,134.01788961730676,32.2,30.6,992.8,350.1
96,2024-04-28 00:41:27.985047,26.575556885768243,134.06474346893555,32.2,30.7,992.8,350.1
97,2024-04-28 00:41:28.003660,26.574610888818682,134.06567062917588,32.2,30.7,992.8,350.1
97,2024-04-28 00:41:29.042577,26.52680603621594,134.11249272395455,32.2,30.5,992.8,350.1
98,2024-04-28 00:41:29.078104,26.525016996569875,134.11424381150522,32.5,30.8,992.8,350.1
98,2024-04-28 00:41:30.099510,26.47645145558264,134.1617468370644,32.6,30.5,992.8,350.1
99,2024-04-28 00:41:30.116771,26.47552870217191,134.1626488008796,32.6,30.5,992.8,350.2
99,2024-04-28 00:41:31.138616,26.427751143386033,134.20931935770332,31.9,30.5,992.7,350.2
100,2024-04-28 00:41:31.166485,26.42676639862479,134.21028065584218,31.9,30.5,992.7,350.2
100,2024-04-28 00:41:32.188741,26.37850388279468,134.25736293669158,32.6,30.5,992.8,350.2
101,2024-04-28 00:41:32.206848,26.377527991591286,134.258314334828,32.6,30.5,992.8,350.2
101,2024-04-28 00:41:33.228426,26.329686879782127,134.3049242709527,32.8,30.7,992.8,350.2
102,2024-04-28 00:41:33.246267,26.328737925429614,134.3058482013608,32.8,30.7,992.8,350.2
102,2024-04-28 00:41:34.285386,26.28087177037973,134.35242177573895,31.9,30.4,992.8,350.2
103,2024-04-28 00:41:34.316939,26.279067311682027,134.35417634411624,32.2,30.5,992.8,350.2
103,2024-04-28 00:41:35.339007,26.230593155128542,134.4012787376028,32.2,30.3,992.8,350.2
104,2024-04-28 00:41:35.358257,26.22961982321227,134.40222390350252,32.2,30.3,992.8,350.2
104,2024-04-28 00:41:36.379823,26.181684559918928,134.44874181564842,32.2,30.5,992.7,350.2
105,2024-04-28 00:41:36.398625,26.18072471432123,134.449672676481,32.2,30.5,992.8,350.2
105,2024-04-28 00:41:37.419679,26.13279650136098,134.49612350613992,32.1,30.5,992.8,350.3
106,2024-04-28 00:41:37.437612,26.131855419524026,134.49703498958436,32.1,30.5,992.8,350.3
106,2024-04-28 00:41:38.459349,26.08392193216552,134.543430940229,32.2,30.4,992.7,350.3
107,2024-04-28 00:41:38.477266,26.082957632314432,134.54436370656074,32.2,30.4,992.7,350.3
107,2024-04-28 00:41:39.511488,26.035012579918483,134.5907110385298,32.2,30.4,992.7,350.3
108,2024-04-28 00:41:39.541363,26.033452046204633,134.5922185862093,32.2,30.4,992.7,350.3
108,2024-04-28 00:41:40.562179,25.984958857373304,134.63903444776946,32.2,30.7,992.7,350.3
109,2024-04-28 00:41:40.582437,25.984020027671455,134.63994021627227,32.1,30.4,992.7,350.3
109,2024-04-28 00:41:41.605255,25.935894593703836,134.6863410520709,32.2,30.2,992.8,350.3
110,2024-04-28 00:41:41.625643,25.934920234095056,134.68727989113682,32.5,30.6,992.8,350.3
110,2024-04-28 00:41:42.648303,25.886808029009863,134.7336084176295,31.8,30.5,992.7,350.3
111,2024-04-28 00:41:42.666611,25.88580894730501,134.73456984310147,31.8,29.8,992.7,350.4
111,2024-04-28 00:41:43.688461,25.83776862183988,134.78076994031707,32.1,30.7,992.7,350.4
112,2024-04-28 00:41:43.706161,25.836806010148898,134.7816950874435,32.1,30.7,992.7,350.4
112,2024-04-28 00:41:44.743210,25.78876829989996,134.82783377521972,31.8,30.3,992.8,350.4
113,2024-04-28 00:41:44.780313,25.78705729423389,134.8294760794928,31.8,30.3,992.8,350.4
113,2024-04-28 00:41:45.801684,25.73813873061792,134.87639961071216,32.0,30.8,992.8,350.4
114,2024-04-28 00:41:45.820607,25.737183965695824,134.87731484592086,32.0,30.8,992.8,350.4
114,2024-04-28 00:41:46.843102,25.689068285402243,134.9234091452757,32.0,30.4,992.8,350.4
115,2024-04-28 00:41:46.863304,25.688059904100687,134.92437455035744,32.1,30.7,992.8,350.4
115,2024-04-28 00:41:47.885533,25.639870260977442,134.97048112192093,32.0,30.5,992.7,350.5
116,2024-04-28 00:41:47.905645,25.638881039975573,134.97142698236922,32.2,29.9,992.7,350.5
116,2024-04-28 00:41:48.926979,25.590695373874865,135.01747137734054,32.2,30.2,992.8,350.5
117,2024-04-28 00:41:48.945889,25.589722213367224,135.01840070491292,32.2,30.5,992.8,350.5
117,2024-04-28 00:41:49.984695,25.54154032470695,135.06438337190232,32.3,30.6,992.7,350.5
118,2024-04-28 00:41:50.021251,25.539738072191735,135.06610225974222,32.3,30.6,992.7,350.5
118,2024-04-28 00:41:51.043165,25.49075446556906,135.1127897258269,32.2,30.3,992.7,350.6
119,2024-04-28 00:41:51.060709,25.489784635918078,135.11371350352425,32.2,30.3,992.7,350.6
119,2024-04-28 00:41:52.082502,25.44164439918344,135.15953907814412,32.2,30.4,992.8,350.6
120,2024-04-28 00:41:52.100440,25.440674118551122,135.1604621275041,32.2,30.4,992.8,350.6
120,2024-04-28 00:41:53.121551,25.392511584173665,135.20625154919583,31.9,30.4,992.7,350.6
121,2024-04-28 00:41:53.142116,25.391553760703623,135.20716160876242,32.8,30.6,992.7,350.6
121,2024-04-28 00:41:54.163544,25.343253720456804,135.25302436130127,31.9,30.6,992.7,350.6
122,2024-04-28 00:41:54.184138,25.342282398104523,135.25394609273212,32.8,29.7,992.7,350.7
122,2024-04-28 00:41:55.224238,25.293925107480955,135.29980583116478,32.7,30.7,992.7,350.7
123,2024-04-28 00:41:55.254330,25.292072920599566,135.30156124033834,32.7,30.7,992.7,350.7
123,2024-04-28 00:41:56.275876,25.243297981590096,135.34775810338493,32.0,30.7,992.7,350.7
124,2024-04-28 00:41:56.293544,25.242354530019067,135.34865112657184,32.0,30.7,992.7,350.7
124,2024-04-28 00:41:57.315697,25.194103026276863,135.3942952360289,31.9,30.4,992.7,350.7
125,2024-04-28 00:41:57.333523,25.193113731958505,135.39523049115454,31.9,30.4,992.7,350.7
125,2024-04-28 00:41:58.354779,25.144875213773094,135.44080582159776,32.0,30.6,992.7,350.8
126,2024-04-28 00:41:58.373111,25.14390166731669,135.44172505141637,32.0,30.6,992.7,350.8
126,2024-04-28 00:41:59.394347,25.09561325421179,135.48729118274215,32.0,30.4,992.7,350.8
127,2024-04-28 00:41:59.413282,25.09465688960798,135.48819307528683,32.0,30.4,992.7,350.8
127,2024-04-28 00:42:00.447910,25.04630229965831,135.5337654062193,32.4,30.5,992.7,350.8
128,2024-04-28 00:42:00.483394,25.04470982221837,135.53526531828172,32.2,30.3,992.7,350.8
128,2024-04-28 00:42:01.505182,24.995570047347737,135.58151949118576,32.4,30.5,992.7,350.8
129,2024-04-28 00:42:01.522671,24.994619295390006,135.58241385434653,32.4,30.5,992.7,350.8
129,2024-04-28 00:42:02.544048,24.946293912692173,135.6278452228076,32.1,30.4,992.7,350.9
130,2024-04-28 00:42:02.561139,24.945355867250253,135.6287265526789,32.1,30.4,992.7,350.9
130,2024-04-28 00:42:03.582908,24.897025355478036,135.67410718944112,32.0,30.4,992.7,350.9
131,2024-04-28 00:42:03.601429,24.89602263523299,135.67504813260678,32.0,30.4,992.7,350.9
131,2024-04-28 00:42:04.622823,24.847669900683353,135.7203941819322,32.0,30.3,992.7,350.9
132,2024-04-28 00:42:04.641752,24.846697585072597,135.72130548080048,32.0,30.3,992.7,350.9
132,2024-04-28 00:42:05.681545,24.798283368001268,135.76665386560677,32.1,30.2,992.7,350.9
133,2024-04-28 00:42:05.721354,24.796401104483664,135.76841584161153,32.1,30.4,992.7,350.9
133,2024-04-28 00:42:06.743421,24.74698059126092,135.81464889970627,32.4,30.4,992.7,350.9
134,2024-04-28 00:42:06.762722,24.745993471031273,135.8155717817763,32.4,30.4,992.7,350.9
134,2024-04-28 00:42:07.784123,24.69752945657108,135.86085444404043,32.0,30.5,992.7,350.9
135,2024-04-28 00:42:07.801980,24.696559382506756,135.8617602895724,32.0,30.5,992.7,350.9
135,2024-04-28 00:42:08.822894,24.6481365800488,135.90694969085263,32.6,30.6,992.7,350.9
136,2024-04-28 00:42:08.840955,24.647187748858602,135.9078346298405,32.6,30.6,992.7,351.0
136,2024-04-28 00:42:09.865281,24.59873143241436,135.95300075311397,32.1,30.5,992.8,351.0
137,2024-04-28 00:42:09.882686,24.597647465139346,135.9540105083158,32.1,30.5,992.8,351.0
137,2024-04-28 00:42:10.919669,24.549210326915272,135.99910427599877,32.3,30.4,992.7,351.0
138,2024-04-28 00:42:10.951332,24.5474694569918,136.0007239932403,32.3,30.4,992.7,351.0
138,2024-04-28 00:42:11.972943,24.49833960483551,136.04640651222292,32.9,30.7,992.8,351.0
139,2024-04-28 00:42:11.992433,24.497395298654972,136.04728402513126,32.6,30.8,992.8,351.0
139,2024-04-28 00:42:13.013696,24.448804396113015,136.09241088296284,32.4,30.7,992.7,351.0
140,2024-04-28 00:42:13.032073,24.447847817360643,136.0932987346536,32.4,30.5,992.7,351.0
140,2024-04-28 00:42:14.053420,24.39931645915911,136.13831635405043,32.8,30.5,992.7,351.0
141,2024-04-28 00:42:14.071242,24.39835060092367,136.13921174764988,32.8,30.5,992.7,351.0
141,2024-04-28 00:42:15.092369,24.349831851093082,136.18416398267698,32.1,30.3,992.7,351.0
142,2024-04-28 00:42:15.112020,24.34887023621189,136.18505438064162,32.1,30.3,992.7,351.0
142,2024-04-28 00:42:16.151805,24.300205981433773,136.23008771436136,32.0,30.3,992.7,351.0
143,2024-04-28 00:42:16.192651,24.29810993148366,136.2320261927436,32.0,30.3,992.7,351.0
143,2024-04-28 00:42:17.215193,24.248716808143886,136.27767798864934,32.8,30.5,992.7,351.0
144,2024-04-28 00:42:17.235709,24.247716393805167,136.27860206791792,33.0,30.6,992.7,351.0
144,2024-04-28 00:42:18.257343,24.199024127350253,136.323552244516,32.1,30.3,992.7,351.0
145,2024-04-28 00:42:18.277496,24.198036296134156,136.3244636182378,33.0,31.0,992.7,351.1
145,2024-04-28 00:42:19.299851,24.149311545918458,136.36939047711363,32.8,30.6,992.7,351.1
146,2024-04-28 00:42:19.319116,24.148310407322636,136.37031303459028,32.8,30.6,992.7,351.1
146,2024-04-28 00:42:20.340695,24.099629307345495,136.4151465849753,32.2,30.2,992.7,351.1
147,2024-04-28 00:42:20.359576,24.098659514697943,136.4160392026975,32.2,30.2,992.7,351.1
147,2024-04-28 00:42:21.399605,24.049959611437895,136.4608372398619,32.0,30.3,992.7,351.1
148,2024-04-28 00:42:21.437104,24.047922477220578,136.46271003166393,32.0,30.3,992.7,351.1
148,2024-04-28 00:42:22.459064,23.99852976655261,136.508090465693,32.5,30.5,992.7,351.1
149,2024-04-28 00:42:22.479087,23.997552629784376,136.50898769345974,32.8,30.6,992.7,351.1
149,2024-04-28 00:42:23.500835,23.94877122868809,136.5537535423985,32.3,30.7,992.7,351.1
150,2024-04-28 00:42:23.519888,23.94781177331863,136.5546335021561,33.0,29.6,992.7,351.1
150,2024-04-28 00:42:24.541557,23.899066728494116,136.59931365723568,32.2,30.3,992.7,351.1
151,2024-04-28 00:42:24.559950,23.898080294923673,136.60021730306872,32.2,29.7,992.7,351.1
151,2024-04-28 00:42:25.581897,23.849356261721937,136.64482609382355,32.0,30.3,992.7,351.1
152,2024-04-28 00:42:25.601073,23.848360373923512,136.64573733761148,32.0,30.3,992.7,351.1
152,2024-04-28 00:42:26.638763,23.79957257299833,136.69035250557573,32.0,30.4,992.7,351.1
153,2024-04-28 00:42:26.670236,23.797631148791925,136.69212683493726,32.0,30.4,992.7,351.1
153,2024-04-28 00:42:27.691834,23.748462049877155,136.7370372570897,32.3,30.4,992.7,351.1
154,2024-04-28 00:42:27.708993,23.747507824918674,136.73790832485184,32.3,30.4,992.7,351.1
154,2024-04-28 00:42:28.730718,23.69877729937036,136.78236646183882,32.1,30.3,992.7,351.1
155,2024-04-28 00:42:28.748834,23.69778755168728,136.78326891289598,32.1,30.3,992.7,351.2
155,2024-04-28 00:42:29.769986,23.64903660451039,136.8276943398611,32.2,30.5,992.7,351.2
156,2024-04-28 00:42:29.788325,23.648069506436087,136.82857512252278,32.4,30.5,992.7,351.2
156,2024-04-28 00:42:30.810020,23.599278705300552,136.87298567380793,32.0,30.6,992.8,351.2
157,2024-04-28 00:42:30.830089,23.59829042117685,136.8738847160273,32.2,30.5,992.8,351.2
157,2024-04-28 00:42:31.866136,23.54937248518338,136.91835975131886,32.0,30.2,992.7,351.2
158,2024-04-28 00:42:31.906633,23.547505845297113,136.9200558628869,32.4,31.2,992.7,351.2
158,2024-04-28 00:42:32.927888,23.49782939933798,136.9651673151584,32.5,30.5,992.8,351.2
159,2024-04-28 00:42:32.947375,23.496858429771482,136.96604854459355,32.5,30.5,992.8,351.3
159,2024-04-28 00:42:33.968724,23.4479717519215,137.01039158083347,32.4,30.5,992.7,351.3
160,2024-04-28 00:42:33.986677,23.446996301533403,137.0112758648458,32.4,30.5,992.7,351.3
160,2024-04-28 00:42:35.008589,23.3981514718659,137.05553037811234,32.3,30.7,992.7,351.3
161,2024-04-28 00:42:35.026367,23.39717566169719,137.05641398048417,32.3,30.7,992.7,351.3
161,2024-04-28 00:42:36.048271,23.34830522187212,137.100641308749,32.4,30.2,992.7,351.3
162,2024-04-28 00:42:36.066144,23.347320086094214,137.1015323413833,32.4,30.2,992.7,351.3
162,2024-04-28 00:42:37.101901,23.29843112301865,137.1457261877527,32.4,30.5,992.7,351.4
163,2024-04-28 00:42:37.142893,23.296559844429776,137.14741677929118,32.6,30.9,992.7,351.4
163,2024-04-28 00:42:38.164366,23.24678473150142,137.19235934878273,32.1,30.4,992.7,351.4
164,2024-04-28 00:42:38.183966,23.24580505349293,137.1932434031923,32.1,30.4,992.7,351.4
164,2024-04-28 00:42:39.205793,23.19682560412314,137.23741711921508,32.2,30.5,992.7,351.4
165,2024-04-28 00:42:39.225057,23.195828962004178,137.23831546549602,32.2,30.5,992.7,351.4
165,2024-04-28 00:42:40.246932,23.14684741467905,137.2824412068673,32.2,30.6,992.7,351.4
166,2024-04-28 00:42:40.268350,23.145838840123705,137.28334928376208,32.2,30.6,992.7,351.4
166,2024-04-28 00:42:41.290558,23.096741621742463,137.3275293667672,32.8,30.4,992.7,351.4
167,2024-04-28 00:42:41.309494,23.095712703063953,137.32845471627508,32.8,30.4,992.7,351.4
167,2024-04-28 00:42:42.348735,23.046723922815094,137.37248763731847,32.1,30.2,992.7,351.4
168,2024-04-28 00:42:42.391748,23.044662168718336,137.37433975686682,32.4,29.6,992.7,351.4
168,2024-04-28 00:42:43.413588,22.99472707121878,137.41917145943077,32.4,30.2,992.7,351.4
169,2024-04-28 00:42:43.431052,22.99376357629799,137.42003599223068,32.4,30.2,992.7,351.4
169,2024-04-28 00:42:44.452931,22.944782677834223,137.46396148377374,32.5,30.5,992.7,351.5
170,2024-04-28 00:42:44.471237,22.94378460908867,137.46485604112942,32.5,30.5,992.7,351.5
170,2024-04-28 00:42:45.492560,22.89478143701681,137.50875256752585,32.4,30.2,992.7,351.5
171,2024-04-28 00:42:45.511803,22.893805997366538,137.5096258703875,32.4,30.2,992.7,351.5
171,2024-04-28 00:42:46.532830,22.8447474576631,137.55352317231234,32.5,30.1,992.7,351.5
172,2024-04-28 00:42:46.552155,22.843782396153262,137.55438622472465,32.5,30.1,992.7,351.5
172,2024-04-28 00:42:47.591205,22.7946572914728,137.5982943393224,32.4,30.6,992.7,351.5
173,2024-04-28 00:42:47.626722,22.792580294837816,137.60014971160126,32.2,32.0,992.7,351.5
173,2024-04-28 00:42:48.648440,22.7429657465722,137.6444448876802,33.0,30.4,992.7,351.5
174,2024-04-28 00:42:48.666119,22.741980734820963,137.64532380161836,33.0,30.4,992.7,351.5
174,2024-04-28 00:42:49.687517,22.692942929736365,137.6890555414977,32.4,30.2,992.7,351.5
175,2024-04-28 00:42:49.705500,22.691959688403358,137.68993191016767,32.4,30.2,992.7,351.5
175,2024-04-28 00:42:50.726789,22.642891280363422,137.73364283550143,32.1,30.4,992.7,351.5
176,2024-04-28 00:42:50.744973,22.641910052367454,137.73451644926834,32.1,30.4,992.7,351.5
176,2024-04-28 00:42:51.767006,22.592807847061437,137.77820949910293,32.8,30.4,992.8,351.6
177,2024-04-28 00:42:51.786176,22.591810279778638,137.77909668675065,32.8,30.4,992.8,351.6
177,2024-04-28 00:42:52.821528,22.542629052105788,137.82281210978283,32.7,30.2,992.8,351.6
178,2024-04-28 00:42:52.865136,22.540635429486887,137.82458317995818,32.4,30.6,992.8,351.6
178,2024-04-28 00:42:53.886730,22.490647803484606,137.86896544957835,32.4,30.5,992.8,351.6
179,2024-04-28 00:42:53.905846,22.48965637274094,137.8698452182416,32.4,30.5,992.7,351.6
179,2024-04-28 00:42:54.928326,22.44047597544404,137.91346279603715,32.4,30.1,992.8,351.7
180,2024-04-28 00:42:54.959513,22.43945941460973,137.9143638822665,32.4,30.1,992.8,351.7
180,2024-04-28 00:42:55.980880,22.389657134678593,137.9584846670767,32.5,30.6,992.8,351.7
181,2024-04-28 00:42:55.999839,22.38868430424142,137.95934604268476,32.5,30.6,992.8,351.7
181,2024-04-28 00:42:57.021282,22.339478071330788,138.0028912367832,32.4,30.2,992.7,351.7
182,2024-04-28 00:42:57.040307,22.33849313072272,138.0037623908623,32.4,30.2,992.7,351.7
182,2024-04-28 00:42:58.079524,22.28923507620888,138.047306282115,32.5,30.3,992.8,351.7
183,2024-04-28 00:42:58.121475,22.287161370280543,138.04913841639717,33.1,30.5,992.7,351.7
183,2024-04-28 00:42:59.142711,22.237070936648212,138.09336889965056,32.1,30.3,992.7,351.7
184,2024-04-28 00:42:59.160087,22.236117988932975,138.09420990381622,32.1,30.3,992.7,351.7
184,2024-04-28 00:43:00.182332,22.186921440827504,138.13760398775528,32.1,30.5,992.8,351.8
185,2024-04-28 00:43:00.202893,22.18586293712226,138.13853714490492,32.1,30.5,992.8,351.8
185,2024-04-28 00:43:01.225002,22.136557153311603,138.1819808391882,32.3,30.4,992.8,351.8
186,2024-04-28 00:43:01.243031,22.135545823189638,138.1828714515168,32.3,30.4,992.8,351.8
186,2024-04-28 00:43:02.265437,22.08630767948878,138.2262090752357,32.2,30.3,992.7,351.8
187,2024-04-28 00:43:02.285239,22.085284988577122,138.22710872943617,32.2,30.3,992.7,351.8
187,2024-04-28 00:43:03.325326,22.03592358392451,138.27050839866266,32.2,30.2,992.7,351.8
188,2024-04-28 00:43:03.361700,22.03379238544419,138.27238117357638,32.4,30.4,992.7,351.8
188,2024-04-28 00:43:04.383332,21.98390553200277,138.31619474399739,32.4,30.5,992.7,351.8
189,2024-04-28 00:43:04.402811,21.982913565469477,138.31706547865343,32.4,30.5,992.7,351.8
189,2024-04-28 00:43:05.424993,21.933554138450905,138.3603694865041,32.5,30.3,992.7,351.8
190,2024-04-28 00:43:05.443158,21.932545634958185,138.36125379677836,32.5,30.3,992.7,351.8
190,2024-04-28 00:43:06.464991,21.883231590100888,138.40447211302208,32.6,30.4,992.7,351.8
191,2024-04-28 00:43:06.483074,21.8822369219506,138.40534336871556,32.6,30.4,992.7,351.8
191,2024-04-28 00:43:07.505773,21.832910340253825,138.4485269889397,32.3,30.2,992.7,351.8
192,2024-04-28 00:43:07.541348,21.83188165839549,138.44942708683345,32.3,30.2,992.7,351.8
192,2024-04-28 00:43:08.580340,21.781677498026212,138.49333223954974,32.5,30.4,992.7,351.8
193,2024-04-28 00:43:08.621921,21.77965060519991,138.49510385454943,32.5,29.3,992.7,351.8
193,2024-04-28 00:43:09.643178,21.729390607635846,138.5390098721032,32.3,30.4,992.7,351.8
194,2024-04-28 00:43:09.661969,21.72839710325699,138.53987731174797,32.3,30.4,992.7,351.8
194,2024-04-28 00:43:10.683097,21.679033468044,138.58295466799288,33.2,30.2,992.7,351.9
195,2024-04-28 00:43:10.700205,21.678078572944607,138.58378752482852,33.2,30.2,992.7,351.9
195,2024-04-28 00:43:11.721805,21.628733462747768,138.62680373464949,32.9,30.4,992.7,351.9
196,2024-04-28 00:43:11.739604,21.6277599366729,138.62765195567417,32.9,30.4,992.7,351.9
196,2024-04-28 00:43:12.761404,21.578376720955006,138.67065651774334,33.1,30.6,992.8,351.9
197,2024-04-28 00:43:12.780257,21.57738101661369,138.67152315900577,33.1,30.6,992.8,351.9
197,2024-04-28 00:43:13.818954,21.527926703704047,138.71454481059038,32.2,30.2,992.8,351.9
198,2024-04-28 00:43:13.857365,21.525899198029123,138.71630765708633,32.5,30.0,992.8,351.9
198,2024-04-28 00:43:14.878547,21.47572134716562,138.75991214921766,32.6,30.4,992.8,351.9
199,2024-04-28 00:43:14.896776,21.474765464212716,138.76074237387886,32.6,30.4,992.8,352.0
199,2024-04-28 00:43:15.918446,21.425317444020376,138.80366786596804,33.0,30.3,992.8,352.0
200,2024-04-28 00:43:15.936506,21.424318031480137,138.80453500076837,33.0,30.3,992.8,352.0
200,2024-04-28 00:43:16.958210,21.374870789877914,138.84741549727482,32.1,30.3,992.8,352.0
201,2024-04-28 00:43:16.976229,21.373875029170854,138.84827857286027,32.1,30.3,992.8,352.0
201,2024-04-28 00:43:17.997138,21.324445123475478,138.89109991506834,32.8,30.3,992.7,352.0
202,2024-04-28 00:43:18.015070,21.323473157028484,138.89194150145264,32.8,30.3,992.7,352.0
202,2024-04-28 00:43:19.053860,21.273993871209058,138.9347616357884,32.3,30.2,992.7,352.0
203,2024-04-28 00:43:19.086689,21.271948235757847,138.93653103352463,32.3,30.2,992.8,352.0
203,2024-04-28 00:43:20.108216,21.221987981987375,138.97972199195303,33.1,30.2,992.8,352.0
204,2024-04-28 00:43:20.128134,21.22099964286614,138.98057597650634,33.1,30.8,992.8,352.0
204,2024-04-28 00:43:21.149898,21.171430169642733,139.0233851004845,32.3,30.2,992.7,352.0
205,2024-04-28 00:43:21.168155,21.170426308814854,139.02425161065534,32.3,30.1,992.7,352.0
205,2024-04-28 00:43:22.189556,21.120889358650338,139.06698901513997,32.3,30.2,992.7,352.0
206,2024-04-28 00:43:22.207531,21.11991184636484,139.0678319230331,32.3,30.2,992.7,352.0
206,2024-04-28 00:43:23.228856,21.070395019385945,139.1105085676816,32.5,30.5,992.8,352.0
207,2024-04-28 00:43:23.246843,21.0694160749883,139.111351854325,32.5,30.5,992.8,352.0
207,2024-04-28 00:43:24.282716,21.019881041996467,139.15400094423822,33.2,30.5,992.8,352.0
208,2024-04-28 00:43:24.321821,21.01793997066647,139.15567132285236,33.2,30.5,992.8,352.0
208,2024-04-28 00:43:25.343263,20.967610324672485,139.1989596138909,32.2,30.1,992.8,352.1
209,2024-04-28 00:43:25.362056,20.966642413406184,139.19979168350412,32.2,30.1,992.8,352.1
209,2024-04-28 00:43:26.383703,20.91703522727892,139.24241525679545,32.7,29.9,992.8,352.1
210,2024-04-28 00:43:26.403112,20.916050325015195,139.24326108010706,32.4,30.4,992.8,352.1
210,2024-04-28 00:43:27.425371,20.86639049479129,139.28588694709745,32.6,30.3,992.8,352.1
211,2024-04-28 00:43:27.446642,20.86536947447401,139.28676290631174,32.3,31.2,992.8,352.1
211,2024-04-28 00:43:28.468333,20.81563880421046,139.32940666450162,32.7,30.5,992.7,352.1
212,2024-04-28 00:43:28.486111,20.81462792359704,139.33027305346383,32.7,30.5,992.7,352.1
212,2024-04-28 00:43:29.524598,20.765027874748853,139.37276220383734,32.3,30.2,992.7,352.1
213,2024-04-28 00:43:29.562425,20.763166729901716,139.37435571664122,32.3,30.2,992.7,352.1
213,2024-04-28 00:43:30.584191,20.71263469660327,139.41759894199774,32.5,30.1,992.8,352.1
214,2024-04-28 00:43:30.603071,20.711638264737285,139.41845121498562,32.5,30.1,992.8,352.1
214,2024-04-28 00:43:31.624924,20.661984743610972,139.4608999928798,32.4,30.2,992.8,352.1
215,2024-04-28 00:43:31.645119,20.660965110432056,139.46177124370726,32.3,30.2,992.8,352.1
215,2024-04-28 00:43:32.667042,20.61122053460376,139.50425561028933,32.6,30.3,992.8,352.1
216,2024-04-28 00:43:32.687636,20.610188210365394,139.50513682926132,33.0,30.7,992.8,352.1
216,2024-04-28 00:43:33.709262,20.56042023893354,139.54759901112524,32.5,30.3,992.8,352.2
217,2024-04-28 00:43:33.730240,20.559441728682287,139.54843346590937,32.3,29.5,992.8,352.2
217,2024-04-28 00:43:34.771683,20.509605279431884,139.590912022135,32.5,30.4,992.8,352.2
218,2024-04-28 00:43:34.808110,20.507411893107594,139.59278062955315,32.5,30.4,992.8,352.2
218,2024-04-28 00:43:35.829401,20.457080469113162,139.63563753633096,32.6,30.0,992.7,352.2
219,2024-04-28 00:43:35.847110,20.456096562736747,139.63647491006301,32.6,30.0,992.7,352.2
219,2024-04-28 00:43:36.868373,20.406434975219454,139.67871972218165,32.5,30.0,992.8,352.2
220,2024-04-28 00:43:36.886323,20.4054307227076,139.6795735750313,32.5,30.0,992.8,352.2
220,2024-04-28 00:43:37.908277,20.355729348427868,139.72181087086304,32.6,30.2,992.8,352.2
221,2024-04-28 00:43:37.941197,20.354724494712606,139.72266439996164,32.7,30.2,992.8,352.1
221,2024-04-28 00:43:38.962433,20.304274200746065,139.76549599959355,33.2,30.8,992.7,352.1
222,2024-04-28 00:43:38.980810,20.3032906006033,139.7663306498961,33.2,30.8,992.7,352.1
222,2024-04-28 00:43:40.021770,20.25352379638477,139.8085405580846,32.9,30.1,992.7,352.1
223,2024-04-28 00:43:40.064431,20.251249995811573,139.8104681297203,32.9,30.1,992.7,352.1
223,2024-04-28 00:43:41.086724,20.200646548630647,139.85334457306405,32.8,30.2,992.8,352.1
224,2024-04-28 00:43:41.119121,20.199179551461498,139.85458694595397,32.8,30.5,992.8,352.2
224,2024-04-28 00:43:42.140861,20.14915707937164,139.89692927582726,32.8,30.3,992.8,352.2
225,2024-04-28 00:43:42.159209,20.14816650866109,139.8977673532675,32.8,28.7,992.8,352.2
225,2024-04-28 00:43:43.180400,20.09838746137868,139.93986286240232,32.7,30.2,992.7,352.2
226,2024-04-28 00:43:43.199678,20.09739014333766,139.94070583514696,32.7,30.2,992.7,352.2
226,2024-04-28 00:43:44.221227,20.047556657986874,139.9828067967115,32.6,30.4,992.7,352.2
227,2024-04-28 00:43:44.239336,20.046555765362616,139.98365197688275,32.6,30.4,992.7,352.2
227,2024-04-28 00:43:45.277983,19.996732598121035,140.0257037867402,32.6,30.1,992.8,352.2
228,2024-04-28 00:43:45.308526,19.994659350491073,140.0274527950652,32.6,30.1,992.8,352.2
228,2024-04-28 00:43:46.331074,19.944467741529376,140.06977400821964,32.6,30.1,992.8,352.2
229,2024-04-28 00:43:46.350267,19.94345944598058,140.07062378659325,32.6,30.1,992.8,352.3
229,2024-04-28 00:43:47.371735,19.893574063963257,140.11264645813586,32.7,30.2,992.8,352.3
230,2024-04-28 00:43:47.390698,19.892583116096414,140.11348081904012,32.5,30.2,992.8,352.3
230,2024-04-28 00:43:48.412464,19.842721788708097,140.15544321718033,32.6,30.2,992.8,352.3
231,2024-04-28 00:43:48.432093,19.8416927923016,140.15630879012622,32.8,29.6,992.8,352.3
231,2024-04-28 00:43:49.455227,19.791777610735636,140.1982765749089,32.3,30.4,992.8,352.3
232,2024-04-28 00:43:49.475004,19.790696606838345,140.19918503153508,32.3,29.7,992.8,352.3
232,2024-04-28 00:43:50.513359,19.740737208606646,140.24115010124783,32.3,30.3,992.8,352.3
233,2024-04-28 00:43:50.544169,19.73879292012964,140.2427824838845,32.3,30.3,992.8,352.3
233,2024-04-28 00:43:51.566334,19.688427850264162,140.28504740295966,32.8,30.2,992.8,352.3
234,2024-04-28 00:43:51.585249,19.68740933691932,140.28590170329625,32.8,30.2,992.8,352.3
234,2024-04-28 00:43:52.607109,19.63745521784285,140.32778207327033,33.2,30.2,992.8,352.3
235,2024-04-28 00:43:52.626831,19.63647811104755,140.32860087157746,33.2,30.2,992.8,352.3
235,2024-04-28 00:43:53.647821,19.586529601034808,140.37043720363332,32.4,30.0,992.8,352.3
236,2024-04-28 00:43:53.666177,19.585511958441284,140.37128917013285,32.6,30.0,992.8,352.3
236,2024-04-28 00:43:54.688282,19.535577183624824,140.4130748058893,33.0,30.2,992.8,352.3
237,2024-04-28 00:43:54.707214,19.534566051149607,140.41392053028775,32.7,30.1,992.8,352.3
237,2024-04-28 00:43:55.743893,19.48459260927816,140.45569945227624,33.0,30.1,992.8,352.3
238,2024-04-28 00:43:55.785654,19.482601199117614,140.4573635243898,32.6,30.3,992.8,352.3
238,2024-04-28 00:43:56.808093,19.431751148305683,140.49983459906457,32.6,30.0,992.8,352.3
239,2024-04-28 00:43:56.826589,19.430724522083835,140.5006916540103,32.6,30.0,992.8,352.3
239,2024-04-28 00:43:57.849076,19.38076434344653,140.5423803888493,32.6,30.0,992.8,352.3
240,2024-04-28 00:43:57.868639,19.379712179795074,140.5432579482605,32.6,30.0,992.8,352.3
240,2024-04-28 00:43:58.890238,19.329693043850156,140.58495718696608,32.6,30.3,992.8,352.3
241,2024-04-28 00:43:58.909443,19.3286853355239,140.58579689024785,32.6,30.3,992.8,352.4
241,2024-04-28 00:43:59.932614,19.27863300378144,140.62748523862868,32.7,30.2,992.8,352.4
242,2024-04-28 00:43:59.958710,19.27752683773534,140.62840613309743,32.9,30.1,992.8,352.4
242,2024-04-28 00:44:00.998776,19.227172492479756,140.67030718415214,32.4,30.4,992.8,352.4
243,2024-04-28 00:44:01.034218,19.22502598201597,140.67209250186664,32.4,30.5,992.8,352.4
243,2024-04-28 00:44:02.055550,19.174438825666655,140.71414742653747,32.4,30.1,992.8,352.4
244,2024-04-28 00:44:02.072843,19.173459574974284,140.71496113590342,32.4,30.1,992.8,352.4
244,2024-04-28 00:44:03.094621,19.12346840872576,140.7564823738952,32.4,30.1,992.8,352.4
245,2024-04-28 00:44:03.113176,19.122456883738828,140.75732213410456,32.4,30.1,992.8,352.5
245,2024-04-28 00:44:04.134350,19.072439624145538,140.79882714732005,32.4,30.3,992.8,352.5
246,2024-04-28 00:44:04.153358,19.071435566351294,140.7996599489562,32.4,30.3,992.8,352.5
246,2024-04-28 00:44:05.174399,19.021373345503793,140.84116447174824,32.7,30.3,992.8,352.5
247,2024-04-28 00:44:05.193231,19.02038014665762,140.8419875179146,32.7,30.3,992.8,352.5
247,2024-04-28 00:44:06.232194,18.970282707584804,140.88348354249305,33.3,30.3,992.8,352.5
248,2024-04-28 00:44:06.267140,18.968174845796398,140.88522868928885,32.7,30.8,992.8,352.5
248,2024-04-28 00:44:07.289419,18.917555905206,140.9271177088978,32.8,30.2,992.8,352.5
249,2024-04-28 00:44:07.308752,18.916533353969957,140.92796352100316,32.8,30.2,992.8,352.5
249,2024-04-28 00:44:08.330489,18.866397850332383,140.96941482187478,32.7,30.4,992.8,352.5
250,2024-04-28 00:44:08.348853,18.865384444528747,140.97025231326552,32.7,30.4,992.8,352.5
250,2024-04-28 00:44:09.371083,18.81530373271343,141.01162105204935,32.7,30.1,992.8,352.5
251,2024-04-28 00:44:09.389688,18.814259527726154,141.01248322111604,32.7,30.1,992.8,352.5
251,2024-04-28 00:44:10.410520,18.76416325504277,141.053827683395,32.6,30.2,992.8,352.5
252,2024-04-28 00:44:10.430022,18.76313281694359,141.05467772333913,32.6,30.2,992.8,352.5
252,2024-04-28 00:44:11.464934,18.71300209731332,141.09601360053722,32.9,30.2,992.8,352.5
253,2024-04-28 00:44:11.502478,18.71114191337775,141.09754674097758,33.1,30.3,992.8,352.5
253,2024-04-28 00:44:12.524036,18.66027424584669,141.13945198372568,32.4,29.9,992.8,352.5
254,2024-04-28 00:44:12.543554,18.659273569113683,141.1402759781387,32.4,29.9,992.8,352.5
254,2024-04-28 00:44:13.564858,18.609077137287013,141.1815912115709,33.2,30.3,992.8,352.5
255,2024-04-28 00:44:13.584152,18.608087938059036,141.1824050313785,33.2,30.3,992.8,352.5
255,2024-04-28 00:44:14.605888,18.5578979294182,141.22367834482563,33.3,30.2,992.8,352.5
256,2024-04-28 00:44:14.623690,18.55689669835774,141.2245013339419,33.3,30.2,992.8,352.5
256,2024-04-28 00:44:15.645772,18.50673776619453,141.26571263443898,33.0,30.2,992.8,352.5
257,2024-04-28 00:44:15.664292,18.505727057646837,141.26654268085787,33.0,30.2,992.8,352.5
257,2024-04-28 00:44:16.704371,18.455515844636764,141.30776057429136,32.6,30.1,992.8,352.5
258,2024-04-28 00:44:16.749585,18.45338042029085,141.30951273482515,32.8,30.2,992.8,352.5
258,2024-04-28 00:44:17.771844,18.402087651901137,141.35158025267776,32.7,30.0,992.8,352.5
259,2024-04-28 00:44:17.789044,18.401092576358234,141.35239599366517,32.7,30.0,992.8,352.5
259,2024-04-28 00:44:18.810983,18.350927587383147,141.39350216838213,32.9,30.2,992.8,352.5
260,2024-04-28 00:44:18.829449,18.34991407036682,141.39433230124905,32.9,30.2,992.8,352.5
260,2024-04-28 00:44:19.851865,18.299692769849162,141.4354486897728,33.1,30.1,992.8,352.5
261,2024-04-28 00:44:19.872269,18.29861756085695,141.43632858363483,33.1,30.1,992.8,352.5
261,2024-04-28 00:44:20.894083,18.24834383722466,141.47745199004223,32.4,30.0,992.8,352.5
262,2024-04-28 00:44:20.913769,18.247302577123076,141.47830335974444,32.4,30.0,992.8,352.6
262,2024-04-28 00:44:21.957068,18.196994041213898,141.51941945616153,32.9,30.1,992.8,352.6
263,2024-04-28 00:44:21.985559,18.194895632008883,141.52113368152774,32.6,29.8,992.8,352.6
263,2024-04-28 00:44:23.008019,18.144196739078744,141.5625320055779,32.4,30.2,992.8,352.6
264,2024-04-28 00:44:23.026945,18.143167086463144,141.56337240484353,32.4,30.8,992.8,352.6
264,2024-04-28 00:44:24.049208,18.092865253014278,141.60441088664788,33.0,30.2,992.8,352.6
265,2024-04-28 00:44:24.068295,18.091832564244566,141.6052530369889,33.0,30.2,992.8,352.6
265,2024-04-28 00:44:25.090002,18.041542425325222,141.6462466486725,32.5,29.9,992.8,352.6
266,2024-04-28 00:44:25.108920,18.04052020999254,141.64707954151382,32.5,29.9,992.8,352.6
266,2024-04-28 00:44:26.130041,17.99022934534181,141.68803857071626,33.3,30.0,992.8,352.7
267,2024-04-28 00:44:26.151033,17.98922278730119,141.688858003669,33.3,30.0,992.8,352.7
267,2024-04-28 00:44:27.189261,17.938794757397563,141.72989358433074,32.4,29.9,992.8,352.7
268,2024-04-28 00:44:27.223413,17.936756683044276,141.73155133435114,32.4,29.9,992.8,352.7
268,2024-04-28 00:44:28.245342,17.885897514192724,141.77290153300777,32.3,29.9,992.8,352.7
269,2024-04-28 00:44:28.264788,17.8849103963127,141.77370374778872,32.5,30.4,992.8,352.7
269,2024-04-28 00:44:29.286703,17.834528698495912,141.81463074526184,32.5,30.1,992.8,352.7
270,2024-04-28 00:44:29.305557,17.833504010412707,141.81546278537064,32.6,30.7,992.8,352.7
270,2024-04-28 00:44:30.326998,17.783169120244523,141.85631708627088,33.3,30.2,992.8,352.7
271,2024-04-28 00:44:30.357311,17.782159316418625,141.85713634671032,33.3,30.2,992.8,352.7
271,2024-04-28 00:44:31.379365,17.731235867569414,141.89843324377009,33.4,30.2,992.8,352.7
272,2024-04-28 00:44:31.397568,17.730202986926134,141.89927051176713,33.4,30.2,992.8,352.7
272,2024-04-28 00:44:32.445998,17.679859443067784,141.94006254661218,32.5,30.2,992.8,352.7
273,2024-04-28 00:44:32.490541,17.677257597487845,141.9421698397255,32.3,30.2,992.8,352.8
273,2024-04-28 00:44:33.512098,17.625911044651197,141.98373825372968,33.1,30.1,992.8,352.8
274,2024-04-28 00:44:33.530247,17.624898162442012,141.98455789848452,33.1,30.1,992.8,352.8
274,2024-04-28 00:44:34.552957,17.574550867149824,142.02528292626627,32.5,30.0,992.8,352.8
275,2024-04-28 00:44:34.572111,17.57346771833586,142.0261586998246,32.5,30.0,992.8,352.8
275,2024-04-28 00:44:35.594071,17.523067900901303,142.06689216470429,32.4,30.0,992.8,352.8
276,2024-04-28 00:44:35.611668,17.522059730403434,142.0677066354864,32.4,30.0,992.8,352.8
276,2024-04-28 00:44:36.633725,17.471688819041177,142.10838289329143,32.4,30.0,992.8,352.8
277,2024-04-28 00:44:36.651284,17.47067559394071,142.10920076830706,32.4,30.0,992.8,352.8
277,2024-04-28 00:44:37.690629,17.420285404205714,142.14985887634288,33.4,30.2,992.8,352.8
278,2024-04-28 00:44:37.725861,17.41814596618672,142.15158438562756,32.6,30.0,992.8,352.8
278,2024-04-28 00:44:38.747343,17.3671795135194,142.1926725597316,32.6,30.1,992.8,352.8
279,2024-04-28 00:44:38.768234,17.366177528299147,142.19348000435937,32.4,29.4,992.8,352.8
279,2024-04-28 00:44:39.789152,17.315657596410713,142.2341744526752,33.4,30.1,992.8,352.8
280,2024-04-28 00:44:39.807495,17.31465738157187,142.23497980675663,33.4,30.1,992.8,352.8
280,2024-04-28 00:44:40.828881,17.264241948997185,142.27555672048686,32.9,30.0,992.8,352.8
281,2024-04-28 00:44:40.846830,17.263248898245774,142.27635565117822,32.9,30.0,992.8,352.8
281,2024-04-28 00:44:41.868707,17.212816763950837,142.3169128092658,32.5,29.9,992.8,352.8
282,2024-04-28 00:44:41.885936,17.211815593362925,142.3177176147152,32.5,29.9,992.8,352.8
282,2024-04-28 00:44:42.920478,17.161398807094205,142.35822937484903,32.5,30.1,992.8,352.8
283,2024-04-28 00:44:42.954050,17.159544310053768,142.3597189158998,32.5,30.1,992.8,352.8
283,2024-04-28 00:44:43.975775,17.108539609151464,142.40066905001248,32.5,30.1,992.8,352.8
284,2024-04-28 00:44:43.995326,17.107530303090893,142.4014790590793,32.4,30.1,992.8,352.8
284,2024-04-28 00:44:45.017056,17.057013143099386,142.4420046998303,33.4,30.3,992.8,352.8
285,2024-04-28 00:44:45.036580,17.055960958403684,142.44284843653267,33.2,30.1,992.8,352.8
285,2024-04-28 00:44:46.057884,17.005467862744197,142.48332200115482,32.4,29.9,992.8,352.8
286,2024-04-28 00:44:46.076771,17.004464485349953,142.48412595036652,33.4,28.9,992.8,352.8
286,2024-04-28 00:44:47.099193,16.95393445833705,142.52459648714796,32.7,30.3,992.7,352.8
287,2024-04-28 00:44:47.116989,16.95288635550334,142.52543559636345,32.7,29.5,992.7,352.8
287,2024-04-28 00:44:48.153824,16.902407979443872,142.56583228088485,32.8,30.0,992.7,352.9
288,2024-04-28 00:44:48.197244,16.900329677133833,142.5674948186672,32.8,30.0,992.7,352.9
288,2024-04-28 00:44:49.218538,16.84891018655415,142.60861076478704,32.8,30.0,992.8,352.9
289,2024-04-28 00:44:49.237915,16.84789831976593,142.60941954284507,32.8,30.0,992.8,352.9
289,2024-04-28 00:44:50.260187,16.797333535894207,142.64981950582916,32.8,30.1,992.8,352.9
290,2024-04-28 00:44:50.281066,16.796297036830566,142.6506473119221,33.0,29.9,992.8,352.9
290,2024-04-28 00:44:51.303201,16.745632686725312,142.69109457627337,32.8,29.9,992.8,352.9
291,2024-04-28 00:44:51.323537,16.74459256166893,142.69192461695434,32.5,30.7,992.8,353.0
291,2024-04-28 00:44:52.344920,16.69397066209483,142.73230588540358,33.2,30.0,992.8,353.0
292,2024-04-28 00:44:52.364443,16.69297832001528,142.73309716681905,33.2,29.3,992.8,353.0
292,2024-04-28 00:44:53.404117,16.642323878249623,142.7734724364682,33.3,30.1,992.8,353.0
293,2024-04-28 00:44:53.439685,16.640161582765707,142.77519524727802,33.3,30.1,992.8,353.0
293,2024-04-28 00:44:54.461123,16.589037222100423,142.81591207692452,33.4,30.3,992.8,353.0
294,2024-04-28 00:44:54.478495,16.588044682311132,142.81670224880676,33.4,30.3,992.8,353.0
294,2024-04-28 00:44:55.500795,16.53750662352031,142.85692040296337,33.1,30.0,992.8,353.0
295,2024-04-28 00:44:55.519696,16.53645818458196,142.8577544233132,33.1,30.0,992.8,353.0
295,2024-04-28 00:44:56.541377,16.48586420180946,142.8979855810832,32.6,30.0,992.8,353.1
296,2024-04-28 00:44:56.561313,16.484840266964817,142.89879947237296,33.0,30.0,992.8,353.1
296,2024-04-28 00:44:57.582290,16.4341886392193,142.93904504620642,32.7,30.2,992.8,353.1
297,2024-04-28 00:44:57.601969,16.433195818685586,142.93983359103794,32.9,30.7,992.8,353.1
297,2024-04-28 00:44:58.641250,16.382500657936973,142.9800824277817,32.9,31.5,992.8,353.1
298,2024-04-28 00:44:58.674882,16.380386923197605,142.98175993744965,32.9,31.5,992.8,353.1
298,2024-04-28 00:44:59.697305,16.329272438256613,143.02230941980747,32.9,30.0,992.8,353.1
299,2024-04-28 00:44:59.715158,16.328214346280795,143.0231484839249,32.9,30.0,992.8,353.1
299,2024-04-28 00:45:00.736514,16.27763282495854,143.06324403271245,32.8,30.2,992.8,353.1
300,2024-04-28 00:45:00.754071,16.276618423777506,143.0640478306516,32.8,30.2,992.8,353.1
300,2024-04-28 00:45:01.775543,16.22603213469528,143.1041163436519,32.8,29.9,992.8,353.1
301,2024-04-28 00:45:01.793014,16.225026678522372,143.1049124425402,32.8,29.9,992.8,353.1
301,2024-04-28 00:45:02.821881,16.1744378490144,143.1449522862547,32.8,30.1,992.8,353.1
302,2024-04-28 00:45:02.840650,16.173056586765927,143.1460451014533,32.5,29.9,992.8,353.1
302,2024-04-28 00:45:03.876131,16.122391760580502,143.18611425334166,32.9,30.1,992.8,353.1
303,2024-04-28 00:45:03.909767,16.120666642021433,143.1874780657364,32.4,31.4,992.8,353.1
303,2024-04-28 00:45:04.931333,16.069268652255804,143.22809545334835,32.4,30.2,992.8,353.1
304,2024-04-28 00:45:04.950585,16.068255812768868,143.22889554384253,32.4,30.2,992.8,353.1
304,2024-04-28 00:45:05.972828,16.01754349605894,143.26894043994815,32.6,30.0,992.8,353.1
305,2024-04-28 00:45:05.990694,16.01650164101669,143.2697628271434,32.6,30.0,992.8,353.1
305,2024-04-28 00:45:07.012436,15.965854057264977,143.30972634468284,32.4,29.9,992.8,353.1
306,2024-04-28 00:45:07.035489,15.964605963942551,143.31071078070522,32.4,29.9,992.8,353.2
306,2024-04-28 00:45:08.056311,15.913926899748123,143.35066887752785,32.5,29.9,992.8,353.2
307,2024-04-28 00:45:08.074958,15.912929154257563,143.35145525800797,32.5,29.9,992.8,353.2
307,2024-04-28 00:45:09.113118,15.862213061043267,143.39141252491046,32.5,30.2,992.8,353.2
308,2024-04-28 00:45:09.150797,15.86034882686938,143.39288072395308,32.8,30.3,992.8,353.2
308,2024-04-28 00:45:10.171987,15.808720104253098,143.4335257955451,32.8,30.0,992.8,353.2
309,2024-04-28 00:45:10.192724,15.807716762042915,143.4343153835298,32.8,30.0,992.8,353.2
309,2024-04-28 00:45:11.216086,15.75688751036266,143.4743009281006,32.8,30.0,992.8,353.2
310,2024-04-28 00:45:11.236378,15.75577976580944,143.47517202532111,32.8,30.0,992.8,353.2
310,2024-04-28 00:45:12.269184,15.704952675332617,143.51512603557194,32.9,30.8,992.8,353.2
311,2024-04-28 00:45:12.341569,15.703396383071052,143.51634894189968,32.9,30.8,992.8,353.2
311,2024-04-28 00:45:13.364635,15.649980382882978,143.55830577406448,33.5,30.1,992.8,353.2
312,2024-04-28 00:45:13.389045,15.648693018316614,143.55931656934652,33.5,30.1,992.8,353.2
312,2024-04-28 00:45:14.427383,15.597825161697726,143.5992414609294,32.6,30.0,992.8,353.2
313,2024-04-28 00:45:14.464040,15.595965310839919,143.60070066319454,32.8,30.3,992.8,353.2
313,2024-04-28 00:45:15.485975,15.54433821900886,143.64119088773643,32.9,29.8,992.8,353.2
314,2024-04-28 00:45:15.506638,15.543299246241018,143.6420054317469,32.9,29.8,992.8,353.2
314,2024-04-28 00:45:16.527587,15.492436729898202,143.6818664933815,32.9,29.9,992.8,353.2
315,2024-04-28 00:45:16.546655,15.491439296106364,143.68264789810843,32.9,29.9,992.8,353.2
315,2024-04-28 00:45:17.568759,15.440635041438075,143.72243419866362,32.8,30.1,992.8,353.2
316,2024-04-28 00:45:17.588103,15.439604261961211,143.7232411379055,32.8,30.1,992.8,353.2
316,2024-04-28 00:45:18.610302,15.388749501495715,143.7630379726363,32.9,30.1,992.8,353.2
317,2024-04-28 00:45:18.634036,15.387518850467782,143.76400067769973,32.9,30.1,992.8,353.2
317,2024-04-28 00:45:19.672091,15.336632246111582,143.80379338961552,32.9,30.1,992.8,353.2
318,2024-04-28 00:45:19.699998,15.334807186464838,143.80522003895632,32.6,30.1,992.8,353.2
318,2024-04-28 00:45:20.737271,15.283553868797387,143.84526995176083,32.6,29.8,992.8,353.2
319,2024-04-28 00:45:20.757608,15.281760618432738,143.84667070044625,32.6,29.8,992.8,353.2
319,2024-04-28 00:45:21.780098,15.230845776670659,143.8864268973607,32.5,30.0,992.8,353.2
320,2024-04-28 00:45:21.799668,15.229804142512496,143.88723995107068,32.5,30.0,992.8,353.2
320,2024-04-28 00:45:22.821044,15.178921479166577,143.92694245948854,32.7,30.1,992.8,353.2
321,2024-04-28 00:45:22.841043,15.177904684948942,143.9277355550537,32.7,30.1,992.8,353.2
321,2024-04-28 00:45:23.864697,15.12697629072352,143.9674452951697,33.4,30.2,992.8,353.2
322,2024-04-28 00:45:23.887604,15.125667572926746,143.9684653581529,33.4,30.2,992.8,353.2
322,2024-04-28 00:45:24.925423,15.07480231535415,144.00809742640897,32.6,30.2,992.8,353.2
323,2024-04-28 00:45:24.962437,15.07296941029493,144.00952503316336,32.9,29.9,992.8,353.2
323,2024-04-28 00:45:25.983700,15.021254378573438,144.0497899165015,32.8,29.9,992.8,353.2
324,2024-04-28 00:45:26.004161,15.020179895395223,144.0506261984768,32.8,29.9,992.8,353.2
324,2024-04-28 00:45:27.025796,14.96926485409051,144.090239903132,32.9,30.1,992.8,353.2
325,2024-04-28 00:45:27.045396,14.968261215320782,144.09102049391998,32.9,30.1,992.8,353.2
325,2024-04-28 00:45:28.067221,14.917317479727469,144.1306285681744,32.9,29.9,992.8,353.3
326,2024-04-28 00:45:28.086056,14.916296457368468,144.13142211995415,32.9,29.9,992.8,353.3
326,2024-04-28 00:45:29.112220,14.865393756897808,144.17097047622775,32.9,29.8,992.8,353.3
327,2024-04-28 00:45:29.137386,14.863893196734393,144.17213590946915,32.9,29.8,992.8,353.3
327,2024-04-28 00:45:30.177012,14.81290100964366,144.21172578578276,33.5,30.0,992.8,353.3
328,2024-04-28 00:45:30.209147,14.810977638152025,144.21321854289675,33.3,30.1,992.8,353.3
328,2024-04-28 00:45:31.231160,14.759442468036426,144.25320141513745,33.5,30.1,992.8,353.3
329,2024-04-28 00:45:31.248596,14.758416526264016,144.25399709815756,33.5,30.1,992.8,353.3
329,2024-04-28 00:45:32.270155,14.707557004615326,144.29342821839057,32.6,29.9,992.8,353.3
330,2024-04-28 00:45:32.288541,14.706535732968907,144.29421973089333,32.6,29.9,992.8,353.3
330,2024-04-28 00:45:33.309870,14.655645714509907,144.3336472165275,32.8,29.9,992.8,353.4
331,2024-04-28 00:45:33.327934,14.654633609086387,144.33443108356047,32.8,29.9,992.8,353.4
331,2024-04-28 00:45:34.348769,14.603748826808083,144.37382735821848,33.5,30.0,992.8,353.4
332,2024-04-28 00:45:34.371704,14.602569404931625,144.37474018148407,33.5,30.0,992.8,353.4
332,2024-04-28 00:45:35.408169,14.551591576951044,144.4141813039997,32.6,30.2,992.8,353.4
333,2024-04-28 00:45:35.438273,14.549839954144051,144.41553604880048,32.6,30.2,992.8,353.4
333,2024-04-28 00:45:36.460313,14.498325070952918,144.45536487035758,32.5,29.8,992.8,353.4
334,2024-04-28 00:45:36.479102,14.497290575868652,144.45616441596115,33.0,30.4,992.8,353.4
334,2024-04-28 00:45:37.500081,14.446340045920598,144.4955298998005,33.1,29.9,992.8,353.4
335,2024-04-28 00:45:37.519090,14.44534050571803,144.4963019037363,32.9,28.8,992.8,353.4
335,2024-04-28 00:45:38.540434,14.394365524400206,144.53565953998276,32.6,30.4,992.8,353.4
336,2024-04-28 00:45:38.558813,14.39335582594334,144.53643886112854,32.6,29.9,992.8,353.4
336,2024-04-28 00:45:39.580063,14.342410248626932,144.57574718911758,32.6,30.1,992.8,353.4
337,2024-04-28 00:45:39.601934,14.341254041442124,144.57663898780552,32.6,30.1,992.8,353.4
337,2024-04-28 00:45:40.640730,14.290244269390946,144.61597024649845,33.4,29.9,992.8,353.4
338,2024-04-28 00:45:40.676275,14.288334537449611,144.61744224795552,33.4,29.9,992.8,353.4
338,2024-04-28 00:45:41.699292,14.236535250344307,144.65735477013823,33.5,30.2,992.8,353.4
339,2024-04-28 00:45:41.718159,14.23547110708152,144.65817443743813,33.5,30.2,992.8,353.4
339,2024-04-28 00:45:42.740218,14.184448764497697,144.69746177482736,32.6,30.1,992.8,353.4
340,2024-04-28 00:45:42.760077,14.183410052596821,144.69826131861217,32.8,30.0,992.8,353.4
340,2024-04-28 00:45:43.781621,14.132352055277217,144.737549883019,32.5,30.0,992.8,353.5
341,2024-04-28 00:45:43.800331,14.131334532535261,144.73833259501012,33.6,30.9,992.8,353.5
341,2024-04-28 00:45:44.821676,14.080328593464547,144.7775550366909,33.4,30.0,992.8,353.5
342,2024-04-28 00:45:44.844096,14.07912853022795,144.77847755225199,33.4,31.0,992.8,353.5
342,2024-04-28 00:45:45.883412,14.028087834072581,144.81770067357834,32.6,30.2,992.8,353.5
343,2024-04-28 00:45:45.921103,14.026163052258235,144.81917930948933,32.6,30.2,992.8,353.5
343,2024-04-28 00:45:46.942612,13.974223013580849,144.85906656278644,33.3,30.0,992.8,353.5
344,2024-04-28 00:45:46.961544,13.973191639993018,144.85985833932534,33.3,30.0,992.8,353.5
344,2024-04-28 00:45:47.983184,13.922161251386116,144.89902108671404,33.1,29.9,992.8,353.5
345,2024-04-28 00:45:48.003778,13.921134569984233,144.89980874494458,33.6,29.9,992.8,353.5
345,2024-04-28 00:45:49.026070,13.86999511633898,144.93902951754117,32.9,29.8,992.8,353.5
346,2024-04-28 00:45:49.047348,13.868895996869504,144.93987219792618,33.4,30.1,992.8,353.5
346,2024-04-28 00:45:50.068794,13.817759491624681,144.979065093949,32.7,29.9,992.8,353.5
347,2024-04-28 00:45:50.091960,13.816564633545237,144.9799805782137,32.7,31.1,992.8,353.5
347,2024-04-28 00:45:51.129663,13.76543666014194,145.01914140072594,32.6,30.0,992.8,353.5
348,2024-04-28 00:45:51.160975,13.763600832408969,145.02054706716018,32.6,30.0,992.8,353.5
348,2024-04-28 00:45:52.183383,13.711914067782761,145.0601097485698,32.7,30.0,992.8,353.5
349,2024-04-28 00:45:52.202283,13.710863556141723,145.06091358107182,32.7,30.0,992.8,353.5
349,2024-04-28 00:45:53.224924,13.659757773533803,145.10000622227483,32.9,30.1,992.8,353.5
350,2024-04-28 00:45:53.243560,13.658698535771432,145.1008162107855,32.9,30.1,992.8,353.5
350,2024-04-28 00:45:54.264923,13.607621673527465,145.13986166840385,33.2,30.1,992.8,353.5
351,2024-04-28 00:45:54.284960,13.60661081302192,145.1406341688654,32.9,30.1,992.8,353.5
351,2024-04-28 00:45:55.305748,13.555468542044098,145.17970466772888,32.7,30.2,992.8,353.5
352,2024-04-28 00:45:55.329982,13.554257979496885,145.1806291897501,32.7,29.8,992.8,353.5
352,2024-04-28 00:45:56.363807,13.503078188538334,145.21970337285404,32.9,29.9,992.8,353.5
353,2024-04-28 00:45:56.409493,13.501410410123432,145.22097626057234,32.9,29.9,992.8,353.5
353,2024-04-28 00:45:57.431938,13.448997656454464,145.2609657840198,33.1,29.9,992.8,353.5
354,2024-04-28 00:45:57.452659,13.44792889733469,145.26178095433946,33.1,29.9,992.8,353.5
354,2024-04-28 00:45:58.473690,13.396732902908326,145.30081714026102,33.0,30.1,992.8,353.5
355,2024-04-28 00:45:58.492477,13.395727187923836,145.30158374152697,33.0,30.1,992.8,353.5
355,2024-04-28 00:45:59.514152,13.344586979361209,145.3405528847691,32.9,29.9,992.8,353.5
356,2024-04-28 00:45:59.533719,13.34356928328273,145.34132813224917,32.6,29.9,992.8,353.5
356,2024-04-28 00:46:00.555464,13.292377927778126,145.3803118316193,32.9,30.0,992.8,353.5
357,2024-04-28 00:46:00.578471,13.291170759456278,145.38123083708524,32.6,29.0,992.8,353.5
357,2024-04-28 00:46:01.616316,13.239990775831517,145.42018148383855,32.8,29.8,992.8,353.5
358,2024-04-28 00:46:01.647299,13.238143672877442,145.42158678183853,32.8,29.8,992.8,353.5
358,2024-04-28 00:46:02.669397,13.186400662659393,145.46094095189198,33.2,30.1,992.8,353.5
359,2024-04-28 00:46:02.688598,13.185364755431179,145.4617285849815,33.2,30.1,992.8,353.5
359,2024-04-28 00:46:03.710793,13.13416781842842,145.50064321335114,33.2,30.1,992.8,353.5
360,2024-04-28 00:46:03.730048,13.133124786833708,145.50143577372444,33.2,30.1,992.8,353.5
360,2024-04-28 00:46:04.752013,13.08193038376554,145.54032450276046,33.6,30.0,992.8,353.5
361,2024-04-28 00:46:04.771681,13.080888253293844,145.54111589159828,33.6,30.0,992.8,353.5
361,2024-04-28 00:46:05.793509,13.029679213137129,145.5799918734241,32.7,29.9,992.8,353.5
362,2024-04-28 00:46:05.813447,13.028638988277459,145.58078133147336,33.0,29.9,992.8,353.5
362,2024-04-28 00:46:06.853164,12.977370831126139,145.6196783997318,32.7,29.7,992.8,353.5
363,2024-04-28 00:46:06.883293,12.975427325644027,145.62115247670008,33.0,30.4,992.8,353.6
363,2024-04-28 00:46:07.905680,12.923675885301972,145.66039177575917,33.1,30.0,992.8,353.6
364,2024-04-28 00:46:07.923952,12.92264574503089,145.6611726157847,33.1,30.0,992.8,353.6
364,2024-04-28 00:46:08.945476,12.871472139058506,145.69995017498053,32.9,30.1,992.8,353.6
365,2024-04-28 00:46:08.964082,12.870469559952017,145.7007096650426,32.9,30.1,992.8,353.6
365,2024-04-28 00:46:09.985808,12.819257975415365,145.73949262442386,33.0,30.1,992.8,353.6
366,2024-04-28 00:46:10.005678,12.818225281715367,145.74027445680116,33.0,30.1,992.8,353.6
366,2024-04-28 00:46:11.028158,12.766943399663443,145.77908731995225,33.0,29.8,992.8,353.6
367,2024-04-28 00:46:11.047470,12.765897504403071,145.7798786718907,33.0,29.8,992.8,353.6
367,2024-04-28 00:46:12.082567,12.714639589815881,145.81865017200408,33.0,30.0,992.8,353.6
368,2024-04-28 00:46:12.126362,12.712628954869556,145.8201705545949,33.2,30.1,992.8,353.7
368,2024-04-28 00:46:13.148218,12.660459275420308,145.85960756322746,32.8,30.0,992.8,353.7
369,2024-04-28 00:46:13.166393,12.659426741372991,145.86038785840256,32.8,30.0,992.8,353.7
369,2024-04-28 00:46:14.188721,12.608221818883894,145.89907242761913,33.7,30.1,992.8,353.7
370,2024-04-28 00:46:14.220168,12.607167339694067,145.89986883578084,33.7,30.1,992.8,353.7
370,2024-04-28 00:46:15.242075,12.5552865924823,145.93904070368038,33.3,29.9,992.8,353.7
371,2024-04-28 00:46:15.261890,12.554203328216277,145.93985836406947,33.3,29.9,992.8,353.7
371,2024-04-28 00:46:16.283643,12.50295356862176,145.97853091225318,33.4,29.9,992.8,353.7
372,2024-04-28 00:46:16.302540,12.501914120004153,145.97931503975028,33.4,29.9,992.8,353.7
372,2024-04-28 00:46:17.341901,12.450637735325726,146.01798503115978,33.0,30.0,992.8,353.7
373,2024-04-28 00:46:17.382709,12.448472816157553,146.01961721412795,33.1,30.6,992.8,353.7
373,2024-04-28 00:46:18.405286,12.396355763791957,146.058897609147,33.0,29.9,992.8,353.7
374,2024-04-28 00:46:18.422634,12.395312304800623,146.05968382741847,33.0,29.9,992.8,353.7
374,2024-04-28 00:46:19.444252,12.344103380363906,146.09825720992472,33.0,29.7,992.8,353.7
375,2024-04-28 00:46:19.463069,12.343082801735939,146.09902574394565,33.0,29.7,992.8,353.7
375,2024-04-28 00:46:20.484822,12.291803476691873,146.13762986758456,33.1,30.0,992.8,353.7
376,2024-04-28 00:46:20.504805,12.29071725226265,146.13844736381242,33.1,30.0,992.8,353.7
376,2024-04-28 00:46:21.525548,12.23944083554511,146.1770270814321,32.9,30.0,992.8,353.7
377,2024-04-28 00:46:21.546976,12.238435366587298,146.17778336662715,32.9,30.0,992.8,353.7
377,2024-04-28 00:46:22.587068,12.186993090743947,146.21646569907637,33.1,30.0,992.8,353.7
378,2024-04-28 00:46:22.621810,12.18474814103243,146.21815330830327,32.8,31.4,992.8,353.7
378,2024-04-28 00:46:23.643403,12.132969314037247,146.25706587518457,32.9,30.0,992.8,353.7
379,2024-04-28 00:46:23.661460,12.13192700669706,146.25784896016688,32.9,30.0,992.8,353.7
379,2024-04-28 00:46:24.682673,12.08067310037054,146.2963450942869,33.7,29.9,992.8,353.7
380,2024-04-28 00:46:24.699953,12.079676378580997,146.29709350748232,33.7,29.9,992.8,353.7
380,2024-04-28 00:46:25.721612,12.02842952145241,146.33556264514348,32.8,29.8,992.8,353.7
381,2024-04-28 00:46:25.739266,12.027405602329349,146.33633104754998,32.8,29.8,992.8,353.6
381,2024-04-28 00:46:26.761183,11.976131112600156,146.37479931030364,33.3,30.0,992.8,353.7
382,2024-04-28 00:46:26.780057,11.975106203503556,146.37556802452644,33.3,30.0,992.8,353.6
382,2024-04-28 00:46:27.818042,11.923749155506279,146.4140766618635,33.6,29.8,992.8,353.7
383,2024-04-28 00:46:27.852921,11.921677025388927,146.4156299478025,33.1,29.9,992.8,353.7
383,2024-04-28 00:46:28.874195,11.869780211085159,146.45452107459153,32.9,29.9,992.7,353.7
384,2024-04-28 00:46:28.891980,11.868763082600632,146.45528308991473,32.9,29.9,992.7,353.7
384,2024-04-28 00:46:29.920776,11.817489340825299,146.49368588000002,33.5,29.9,992.8,353.7
385,2024-04-28 00:46:29.938788,11.816093715711839,146.49473087866093,33.5,29.9,992.8,353.7
385,2024-04-28 00:46:30.960501,11.764780033741676,146.53314223295334,33.7,30.2,992.8,353.7
386,2024-04-28 00:46:30.978430,11.763755140862841,146.53390921540523,33.7,30.2,992.8,353.7
386,2024-04-28 00:46:31.999622,11.712466987441164,146.57228037873898,32.9,29.9,992.8,353.7
387,2024-04-28 00:46:32.018310,11.71141497701953,146.57306722342057,32.9,29.9,992.8,353.7
387,2024-04-28 00:46:33.055245,11.660081798063514,146.6114510683356,32.8,30.1,992.8,353.7
388,2024-04-28 00:46:33.094537,11.657993921543834,146.61301182181515,32.8,30.1,992.8,353.7
388,2024-04-28 00:46:34.117090,11.60586770442329,146.65196684816323,33.5,29.9,992.8,353.7
389,2024-04-28 00:46:34.137599,11.604827407444985,146.65274406996028,33.2,30.8,992.8,353.7
389,2024-04-28 00:46:35.159195,11.553349768547767,146.69119337024256,32.7,29.9,992.8,353.7
390,2024-04-28 00:46:35.178762,11.552317297935538,146.69196432679772,32.7,29.9,992.8,353.7
390,2024-04-28 00:46:36.200233,11.50091552447109,146.73033622132405,32.8,29.9,992.8,353.7
391,2024-04-28 00:46:36.219597,11.499896474549859,146.7310967467573,32.8,29.9,992.8,353.7
391,2024-04-28 00:46:37.241056,11.448489470854447,146.76945193197085,33.1,29.9,992.8,353.7
392,2024-04-28 00:46:37.258352,11.447480671798251,146.770204403674,33.1,29.9,992.8,353.7
392,2024-04-28 00:46:38.296732,11.396129086619926,146.80849777253272,32.9,29.7,992.8,353.7
393,2024-04-28 00:46:38.336089,11.394011773851174,146.8100762438262,32.9,29.7,992.8,353.7
393,2024-04-28 00:46:39.357561,11.341843141092756,146.84895762381416,33.1,30.1,992.8,353.7
394,2024-04-28 00:46:39.375889,11.340836859293177,146.84970740581684,32.7,29.9,992.8,353.7
394,2024-04-28 00:46:40.397411,11.289441367986765,146.8879921433406,33.0,29.8,992.8,353.7
395,2024-04-28 00:46:40.418146,11.288417625502028,146.88875453261448,33.0,28.7,992.8,353.7
395,2024-04-28 00:46:41.440267,11.236911296247769,146.9271016026223,32.8,29.8,992.8,353.7
396,2024-04-28 00:46:41.460025,11.235857236010162,146.92788615630687,32.8,29.8,992.8,353.7
396,2024-04-28 00:46:42.481914,11.184392905165613,146.9661818276355,32.8,30.1,992.8,353.7
397,2024-04-28 00:46:42.501032,11.18335358774273,146.96695500280345,32.8,30.1,992.8,353.7
397,2024-04-28 00:46:43.539323,11.131884520798168,147.00523418799855,32.8,29.7,992.8,353.7
398,2024-04-28 00:46:43.571336,11.129773264067516,147.00680397963768,32.8,29.7,992.8,353.7
398,2024-04-28 00:46:44.593513,11.07793803699954,147.04533496805053,33.6,30.0,992.8,353.7
399,2024-04-28 00:46:44.611593,11.07688555682908,147.04611711022898,33.6,30.0,992.8,353.7
399,2024-04-28 00:46:45.632943,11.025501905994616,147.08429260965065,32.9,29.8,992.8,353.7
400,2024-04-28 00:46:45.652298,11.024476531711597,147.08505421574839,33.1,29.8,992.8,353.8
400,2024-04-28 00:46:46.673242,10.97302255307077,147.12326231237856,32.8,29.9,992.8,353.8
401,2024-04-28 00:46:46.693388,10.972010623812604,147.12401354640613,33.0,29.8,992.8,353.8
401,2024-04-28 00:46:47.744708,10.920485622687535,147.16225478878079,33.2,30.1,992.8,353.8
402,2024-04-28 00:46:47.775731,10.917972141137287,147.16411977481297,33.2,30.1,992.8,353.7
402,2024-04-28 00:46:48.816577,10.865879099814162,147.20276222844288,33.2,29.9,992.8,353.7
403,2024-04-28 00:46:48.853374,10.8638702892194,147.20425196792598,32.8,30.2,992.8,353.7
403,2024-04-28 00:46:49.875208,10.811521102741127,147.2430640993538,32.8,29.7,992.8,353.7
404,2024-04-28 00:46:49.893034,10.810496900047605,147.24382325694444,32.8,29.7,992.8,353.7
404,2024-04-28 00:46:50.917733,10.759065007486543,147.28193591983222,32.9,30.0,992.8,353.7
405,2024-04-28 00:46:50.943623,10.757902427335749,147.2827972116998,32.9,30.0,992.8,353.7
405,2024-04-28 00:46:51.965236,10.706068406008582,147.3211884877085,33.8,29.9,992.8,353.7
406,2024-04-28 00:46:51.983184,10.705042349730316,147.32194825307297,33.8,29.9,992.8,353.7
406,2024-04-28 00:46:53.005337,10.653583614798121,147.36004248602092,33.7,29.9,992.8,353.7
407,2024-04-28 00:46:53.025782,10.652545832207506,147.36081055191798,33.7,29.9,992.8,353.7
407,2024-04-28 00:46:54.064312,10.600946826042435,147.39898963549675,33.8,30.0,992.8,353.7
408,2024-04-28 00:46:54.096166,10.599051071416715,147.40039198665124,33.1,29.7,992.8,353.7
408,2024-04-28 00:46:55.118161,10.54693937607492,147.4389309194028,33.1,30.0,992.8,353.7
409,2024-04-28 00:46:55.139066,10.545874496302158,147.43971824935005,33.1,29.6,992.8,353.7
409,2024-04-28 00:46:56.160621,10.49428881144123,147.47784928104258,33.1,29.6,992.8,353.7
410,2024-04-28 00:46:56.181136,10.493258244011672,147.4786108674414,33.1,29.6,992.8,353.7
410,2024-04-28 00:46:57.204296,10.441660268036726,147.51673229846523,33.1,29.9,992.8,353.7
411,2024-04-28 00:46:57.224555,10.44057313213572,147.5175352959701,33.1,29.9,992.8,353.7
411,2024-04-28 00:46:58.246257,10.388978241039894,147.5556358480756,33.0,29.9,992.8,353.7
412,2024-04-28 00:46:58.265596,10.387963197841161,147.55638523071983,33.0,29.9,992.8,353.8
412,2024-04-28 00:46:59.292098,10.336392647170584,147.59444935418097,33.4,29.9,992.8,353.8
413,2024-04-28 00:46:59.324563,10.335114257151757,147.59539270243815,33.4,29.9,992.8,353.8
413,2024-04-28 00:47:00.345784,10.28293020936867,147.63389088417125,33.5,29.9,992.8,353.7
414,2024-04-28 00:47:00.366720,10.281902008246,147.63464924341707,33.8,29.9,992.8,353.7
414,2024-04-28 00:47:01.388409,10.230288984495248,147.67270778855152,33.4,29.8,992.8,353.7
415,2024-04-28 00:47:01.417698,10.229241574931422,147.67347994539455,32.9,29.7,992.8,353.7
415,2024-04-28 00:47:02.461806,10.176667209351532,147.71222868914165,33.7,30.1,992.8,353.7
416,2024-04-28 00:47:02.483131,10.175015083417476,147.71344605280504,33.7,30.1,992.8,353.7
416,2024-04-28 00:47:03.506438,10.123344864465674,147.75150994961047,32.9,29.7,992.8,353.7
417,2024-04-28 00:47:03.524765,10.122220218429018,147.75233824601557,32.9,29.7,992.8,353.7
417,2024-04-28 00:47:04.564018,10.070698961133436,147.79027446205512,33.7,30.1,992.8,353.7
418,2024-04-28 00:47:04.591203,10.06875762615024,147.79170356750203,33.2,29.5,992.8,353.7
418,2024-04-28 00:47:05.614057,10.01680807426707,147.82993683284607,33.8,29.8,992.8,353.7
419,2024-04-28 00:47:05.634402,10.0157154266651,147.83074079817501,33.8,31.2,992.8,353.7
419,2024-04-28 00:47:06.655411,9.964111548764448,147.8687018470644,32.8,29.7,992.8,353.7
420,2024-04-28 00:47:06.673981,9.963108904650355,147.86943924460977,32.8,29.7,992.8,353.7
420,2024-04-28 00:47:07.695430,9.911550590463772,147.90734918143735,33.7,30.0,992.8,353.7
421,2024-04-28 00:47:07.712911,9.910523930140657,147.9081038925373,33.7,30.0,992.8,353.7
421,2024-04-28 00:47:08.734457,9.859031497716234,147.94594793057462,32.9,29.7,992.8,353.7
422,2024-04-28 00:47:08.752354,9.85800584152777,147.94670155705728,32.9,29.7,992.8,353.7
422,2024-04-28 00:47:09.792934,9.806459922289713,147.98456753611916,33.7,29.9,992.8,353.7
423,2024-04-28 00:47:09.826873,9.8044137018102,147.98607035325347,33.7,29.9,992.8,353.7
423,2024-04-28 00:47:10.848594,9.752148615105495,148.02444666457737,32.9,29.6,992.8,353.7
424,2024-04-28 00:47:10.869257,9.751114296740695,148.02520595115405,32.9,29.9,992.8,353.7
424,2024-04-28 00:47:11.890816,9.699433974088494,148.06313553769832,32.8,29.8,992.8,353.7
425,2024-04-28 00:47:11.910551,9.698413961142803,148.06388398321113,33.4,29.8,992.8,353.7
425,2024-04-28 00:47:12.932380,9.64680345207801,148.10174521699585,32.8,29.7,992.8,353.7
426,2024-04-28 00:47:12.951585,9.645729571816688,148.10253283325636,32.8,29.8,992.8,353.7
426,2024-04-28 00:47:13.973673,9.594140620859504,148.14036124575665,33.1,29.7,992.8,353.7
427,2024-04-28 00:47:13.993558,9.593066023728626,148.1411490347002,33.1,29.7,992.8,353.7
427,2024-04-28 00:47:15.032607,9.541403973316383,148.17901411339545,33.1,29.7,992.8,353.7
428,2024-04-28 00:47:15.072760,9.539451541694572,148.18044480046458,33.1,29.7,992.8,353.7
428,2024-04-28 00:47:16.095477,9.486799293879274,148.21901802121727,33.1,29.8,992.8,353.7
429,2024-04-28 00:47:16.114874,9.4857322152353,148.21979959033843,32.9,29.9,992.8,353.7
429,2024-04-28 00:47:17.136534,9.434139162946597,148.25757998305787,33.2,30.0,992.8,353.7
430,2024-04-28 00:47:17.156763,9.433056190980075,148.25837284376425,33.0,29.5,992.8,353.7
430,2024-04-28 00:47:18.181325,9.381385005744674,148.29619382291622,33.3,30.1,992.8,353.7
431,2024-04-28 00:47:18.199502,9.380198697826268,148.29706195624794,33.3,30.1,992.8,353.7
431,2024-04-28 00:47:19.221728,9.328602414479711,148.3348115764757,32.8,29.8,992.8,353.7
432,2024-04-28 00:47:19.241136,9.327552627182873,148.3355794701172,32.8,29.8,992.8,353.7
432,2024-04-28 00:47:20.279129,9.27587036903821,148.37337557498304,32.8,29.8,992.8,353.7
433,2024-04-28 00:47:20.311576,9.273999654859818,148.374743359013,32.8,29.8,992.8,353.7
433,2024-04-28 00:47:21.333501,9.221704379336563,148.41297090012395,32.8,29.8,992.8,353.7
434,2024-04-28 00:47:21.353774,9.220662582762035,148.41373228160884,32.8,29.8,992.8,353.7
434,2024-04-28 00:47:22.375481,9.16896317338883,148.45150792530916,33.9,29.9,992.8,353.7
435,2024-04-28 00:47:22.394393,9.167924667044094,148.45226657718896,33.1,29.9,992.8,353.7
435,2024-04-28 00:47:23.417752,9.116290155642226,148.48997870443733,33.5,29.8,992.8,353.7
436,2024-04-28 00:47:23.437609,9.115131259806144,148.49082494318344,33.2,30.3,992.8,353.7
436,2024-04-28 00:47:24.459401,9.063453487128644,148.5285526257627,32.8,29.6,992.8,353.7
437,2024-04-28 00:47:24.478395,9.062409210975389,148.52931484503074,33.2,30.2,992.8,353.7
437,2024-04-28 00:47:25.517528,9.010749022719502,148.56701378728687,33.1,29.8,992.8,353.7
438,2024-04-28 00:47:25.547055,9.008788987252162,148.56844381458447,33.1,29.8,992.8,353.8
438,2024-04-28 00:47:26.568553,8.956640733922427,148.60648262445508,33.3,29.6,992.8,353.8
439,2024-04-28 00:47:26.587711,8.955614639332637,148.60723093713517,33.3,29.6,992.8,353.8
439,2024-04-28 00:47:27.609693,8.903941591564074,148.64490734784698,33.2,29.8,992.8,353.7
440,2024-04-28 00:47:27.629591,8.902907043768359,148.6456615120413,33.2,29.8,992.8,353.7
440,2024-04-28 00:47:28.651698,8.851164162035314,148.68337321244505,33.2,29.8,992.8,353.7
441,2024-04-28 00:47:28.669503,8.850121970376177,148.68413263486758,33.2,29.8,992.8,353.7
441,2024-04-28 00:47:29.691112,8.798494311881312,148.7217448694873,32.9,29.8,992.8,353.7
442,2024-04-28 00:47:29.712299,8.797458659354694,148.72249921767516,33.8,30.2,992.8,353.7
442,2024-04-28 00:47:30.747672,8.7456729775467,148.76021113888385,32.9,29.8,992.8,353.7
443,2024-04-28 00:47:30.785660,8.74391329352437,148.7614923296337,33.9,31.0,992.8,353.7
443,2024-04-28 00:47:31.807268,8.691282698339943,148.7998035950848,32.8,29.8,992.8,353.7
444,2024-04-28 00:47:31.826153,8.690253033228565,148.80055296237626,32.8,29.8,992.8,353.7
444,2024-04-28 00:47:32.847740,8.638572362955925,148.83815742175375,32.8,29.8,992.8,353.7
445,2024-04-28 00:47:32.867512,8.63754458024727,148.83890511796196,32.8,29.8,992.8,353.7
445,2024-04-28 00:47:33.889008,8.585817669313425,148.87652811270584,33.8,29.8,992.8,353.7
446,2024-04-28 00:47:33.908739,8.584777074377106,148.8772848264708,33.8,29.8,992.8,353.7
446,2024-04-28 00:47:34.930021,8.533046815905866,148.91489523433847,32.9,29.7,992.8,353.8
447,2024-04-28 00:47:34.949250,8.532020266829313,148.91564143698474,32.9,29.7,992.8,353.8
447,2024-04-28 00:47:35.987048,8.480284970420419,148.9532405880733,33.7,29.9,992.8,353.8
448,2024-04-28 00:47:36.024633,8.478405379319797,148.9546063257959,33.0,30.2,992.8,353.8
448,2024-04-28 00:47:37.046757,8.42578967350499,148.9928298833806,32.9,29.5,992.7,353.8
449,2024-04-28 00:47:37.065966,8.424739825130734,148.9935924110346,32.9,29.5,992.7,353.7
449,2024-04-28 00:47:38.087054,8.373028358784847,149.0311442330229,33.3,29.6,992.8,353.7
450,2024-04-28 00:47:38.105490,8.371999860939681,149.03189096182604,33.3,29.6,992.8,353.7
450,2024-04-28 00:47:39.127105,8.32032036384278,149.06940497877096,33.1,29.6,992.8,353.7
451,2024-04-28 00:47:39.147105,8.319276415074237,149.0701626318766,33.1,29.6,992.8,353.7
451,2024-04-28 00:47:40.168961,8.267503441020471,149.10772997483838,33.1,29.7,992.8,353.7
452,2024-04-28 00:47:40.187835,8.266477248430714,149.10847445408353,33.1,29.7,992.8,353.7
452,2024-04-28 00:47:41.231978,8.214718607023638,149.1460169664148,32.9,29.6,992.8,353.7
453,2024-04-28 00:47:41.259543,8.212562451480967,149.1475806025562,32.9,30.7,992.8,353.7
453,2024-04-28 00:47:42.281553,8.160389280168756,149.18540898114136,32.9,29.7,992.8,353.7
454,2024-04-28 00:47:42.307070,8.15935413592047,149.18615937312225,32.9,29.7,992.8,353.7
454,2024-04-28 00:47:43.329016,8.107249966564076,149.22392329488108,33.6,30.0,992.8,353.7
455,2024-04-28 00:47:43.346922,8.106238924591745,149.2246559360474,33.6,30.0,992.8,353.7
455,2024-04-28 00:47:44.368838,8.054530691095609,149.26211874466318,33.1,29.7,992.8,353.6
456,2024-04-28 00:47:44.387079,8.053495523317844,149.26286858710833,33.1,29.7,992.8,353.6
456,2024-04-28 00:47:45.408874,8.00177006534472,149.30032986604655,33.1,29.7,992.8,353.6
457,2024-04-28 00:47:45.427480,8.000735419632171,149.30107905105945,33.1,29.7,992.8,353.6
457,2024-04-28 00:47:46.465299,7.948995250512188,149.33853706647605,33.2,29.7,992.8,353.6
458,2024-04-28 00:47:46.501573,7.9471094180653585,149.33990208458914,33.7,29.7,992.8,353.6
458,2024-04-28 00:47:47.523783,7.8945130669477255,149.3779655562641,32.9,29.6,992.8,353.6
459,2024-04-28 00:47:47.543612,7.89344846781762,149.3787358525249,32.9,30.3,992.8,353.6
459,2024-04-28 00:47:48.565239,7.841669183217169,149.41619416729202,32.9,29.7,992.8,353.6
460,2024-04-28 00:47:48.582890,7.840618753556865,149.41695393332202,32.9,29.7,992.8,353.6
460,2024-04-28 00:47:49.604993,7.788913077167438,149.45434538281947,33.0,29.7,992.8,353.6
461,2024-04-28 00:47:49.623555,7.787863374044895,149.45510434813377,33.0,29.7,992.8,353.6
461,2024-04-28 00:47:50.645038,7.736114695577722,149.49251337103175,33.6,29.7,992.8,353.6
462,2024-04-28 00:47:50.662737,7.7351001747570995,149.4932466343477,33.6,29.7,992.8,353.6
462,2024-04-28 00:47:51.699276,7.683402604866029,149.53060530862834,33.1,29.6,992.8,353.6
463,2024-04-28 00:47:51.730766,7.681563298388359,149.53193422217856,33.1,29.6,992.8,353.6
463,2024-04-28 00:47:52.752543,7.629177056599624,149.56977678495616,33.0,29.7,992.8,353.6
464,2024-04-28 00:47:52.772817,7.628130195120738,149.57053287675993,33.2,29.7,992.8,353.7
464,2024-04-28 00:47:53.795013,7.576279243411093,149.6079754083545,33.3,29.7,992.8,353.7
465,2024-04-28 00:47:53.814364,7.575225345678048,149.60873631306794,33.2,28.8,992.8,353.7
465,2024-04-28 00:47:54.836594,7.523421784646287,149.6461314548766,33.2,29.8,992.8,353.7
466,2024-04-28 00:47:54.856691,7.522363134462731,149.64689552282994,33.1,30.4,992.8,353.7
466,2024-04-28 00:47:55.877898,7.470531419064401,149.68429791264273,33.2,29.9,992.8,353.7
467,2024-04-28 00:47:55.896232,7.469492281462031,149.68504763644899,33.2,29.9,992.8,353.7
467,2024-04-28 00:47:56.936379,7.417709605404497,149.7224016811045,33.2,29.9,992.8,353.7
468,2024-04-28 00:47:56.967838,7.41551922515158,149.7239814592929,33.2,29.9,992.8,353.7
468,2024-04-28 00:47:57.990095,7.363301334572576,149.76163615461766,33.3,29.6,992.8,353.7
469,2024-04-28 00:47:58.010640,7.362278637488404,149.76237350155952,33.3,29.6,992.8,353.7
469,2024-04-28 00:47:59.032383,7.3103768806922025,149.79978738462884,33.2,29.6,992.8,353.7
470,2024-04-28 00:47:59.050747,7.309356949353042,149.80052248680235,33.2,29.6,992.8,353.7
470,2024-04-28 00:48:00.072672,7.257563233954366,149.8378458178653,33.2,29.5,992.8,353.7
471,2024-04-28 00:48:00.092903,7.256516261963874,149.8386001543207,33.7,29.5,992.8,353.7
471,2024-04-28 00:48:01.114449,7.204658587907383,149.87595698654403,33.2,29.6,992.8,353.7
472,2024-04-28 00:48:01.133926,7.203609049285403,149.87671291829298,33.2,30.6,992.8,353.7
472,2024-04-28 00:48:02.168653,7.151777732985204,149.91403827362433,33.1,30.0,992.8,353.7
473,2024-04-28 00:48:02.202556,7.150042287144126,149.9152878119318,33.1,30.0,992.8,353.7
473,2024-04-28 00:48:03.224102,7.097503693553881,149.953109696061,32.9,29.7,992.8,353.7
474,2024-04-28 00:48:03.243025,7.096483964631758,149.9538436635471,32.9,29.7,992.8,353.7
474,2024-04-28 00:48:04.265179,7.0446509752215825,149.99114522659534,33.8,29.8,992.8,353.7
475,2024-04-28 00:48:04.285091,7.043594244310565,149.9919055773889,33.8,29.8,992.8,353.7
475,2024-04-28 00:48:05.307175,6.991720713632887,150.02922410738455,33.6,29.8,992.8,353.7
476,2024-04-28 00:48:05.327369,6.990656997685814,150.02998923466822,33.6,29.8,992.8,353.7
476,2024-04-28 00:48:06.349181,6.9387743434398,150.06730220758544,33.5,29.6,992.8,353.7
477,2024-04-28 00:48:06.369441,6.937747077745207,150.0680408773615,33.2,29.6,992.8,353.7
477,2024-04-28 00:48:07.429898,6.8858170245074195,150.10537590610468,33.5,29.5,992.8,353.7
478,2024-04-28 00:48:07.516807,6.882768535544892,150.10756724756882,33.0,29.9,992.8,353.7
478,2024-04-28 00:48:08.549307,6.827521027719582,150.1472737730443,33.9,29.7,992.8,353.7
479,2024-04-28 00:48:08.574926,6.825965037439084,150.14839187653965,33.9,29.7,992.8,353.7
479,2024-04-28 00:48:09.597790,6.773769423157608,150.1858925813762,33.7,29.7,992.8,353.8
480,2024-04-28 00:48:09.616405,6.7726851225062275,150.1866714894842,33.7,29.7,992.8,353.8
480,2024-04-28 00:48:10.638717,6.720838823400645,150.22390947433018,33.0,29.5,992.8,353.8
481,2024-04-28 00:48:10.657702,6.719770810565546,150.22467644187589,33.0,29.5,992.8,353.8
481,2024-04-28 00:48:11.680351,6.667923729955106,150.26190337740547,32.9,30.0,992.7,353.8
482,2024-04-28 00:48:11.700760,6.666844615793058,150.2626780764197,33.3,29.5,992.7,353.8
482,2024-04-28 00:48:12.739019,6.614902760302455,150.29996151362604,33.7,29.7,992.7,353.8
483,2024-04-28 00:48:12.774824,6.612721055164745,150.30152727726846,33.3,31.9,992.7,353.8
483,2024-04-28 00:48:13.796816,6.560332030332627,150.3391198408998,33.1,29.6,992.8,353.8
484,2024-04-28 00:48:13.817353,6.5592943440359335,150.33986433423428,33.1,29.6,992.8,353.8
484,2024-04-28 00:48:14.839141,6.507348616315907,150.37712740049307,33.0,29.4,992.7,353.8
485,2024-04-28 00:48:14.859676,6.5062962213250355,150.37788221755793,33.0,29.4,992.7,353.8
485,2024-04-28 00:48:15.882784,6.45433864144252,150.4151425206317,33.9,29.9,992.8,353.8
486,2024-04-28 00:48:15.904986,6.453253083677374,150.4159208888224,33.9,29.9,992.8,353.8
486,2024-04-28 00:48:16.927122,6.401214641303072,150.4532279778393,33.9,29.9,992.8,353.8
487,2024-04-28 00:48:16.947150,6.400150312755672,150.45399089595662,33.9,29.9,992.8,353.8
487,2024-04-28 00:48:17.983788,6.348237945547501,150.49119652976356,33.6,29.6,992.8,353.8
488,2024-04-28 00:48:18.026337,6.3461433132316545,150.4926975282936,33.0,28.1,992.8,353.8
488,2024-04-28 00:48:19.048421,6.293364487886413,150.53051270313793,33.0,29.6,992.8,353.8
489,2024-04-28 00:48:19.067235,6.29232528822349,150.53125716212168,33.0,29.6,992.8,353.8
489,2024-04-28 00:48:20.090045,6.240407927455839,150.56844416419796,33.9,30.0,992.8,353.8
490,2024-04-28 00:48:20.108384,6.239348373282318,150.56920298401806,33.9,30.0,992.8,353.8
490,2024-04-28 00:48:21.129653,6.187518728241071,150.6063164178467,33.6,29.8,992.8,353.8
491,2024-04-28 00:48:21.147824,6.186485752651755,150.60705599004584,33.6,29.8,992.8,353.8
491,2024-04-28 00:48:22.168759,6.134662862431874,150.64415395867923,33.4,29.6,992.8,353.8
492,2024-04-28 00:48:22.187645,6.133651587475334,150.644877787611,33.4,29.6,992.8,353.8
492,2024-04-28 00:48:23.227359,6.081760420702729,150.6820140837494,33.3,29.8,992.8,353.8
493,2024-04-28 00:48:23.271279,6.079505785754353,150.68362739659858,33.9,28.4,992.8,353.8
493,2024-04-28 00:48:24.308100,6.0266264317406115,150.72145988800924,33.5,29.7,992.7,353.8
494,2024-04-28 00:48:24.328520,6.024850805450071,150.72273007470562,33.5,29.7,992.7,353.8
494,2024-04-28 00:48:25.350436,5.972880083639139,150.7599018538757,33.1,29.8,992.8,353.8
495,2024-04-28 00:48:25.369743,5.971816839647469,150.7606622276694,33.1,29.8,992.8,353.8
495,2024-04-28 00:48:26.391105,5.9199352811929415,150.79775995301992,33.4,29.6,992.7,353.8
496,2024-04-28 00:48:26.410365,5.918891149590952,150.79850645295775,33.4,29.6,992.7,353.8
496,2024-04-28 00:48:27.431800,5.866999759787042,150.8356010324049,33.7,29.8,992.8,353.8
497,2024-04-28 00:48:27.453837,5.865960856167502,150.83634359182082,32.9,29.5,992.8,353.8
497,2024-04-28 00:48:28.492402,5.813884358218349,150.8735603614333,33.3,30.0,992.8,353.8
498,2024-04-28 00:48:28.529629,5.8117728505548,150.87506915392936,33.3,30.0,992.8,353.8
498,2024-04-28 00:48:29.551552,5.759170722535163,150.9126511559605,33.3,29.6,992.8,353.8
499,2024-04-28 00:48:29.570598,5.7581389185737955,150.91338823644313,33.3,29.6,992.8,353.8
499,2024-04-28 00:48:30.593580,5.706223084482573,150.95046994982042,33.5,29.7,992.8,353.8
500,2024-04-28 00:48:30.612707,5.705108492397243,150.95126595930049,33.5,29.7,992.8,353.8
500,2024-04-28 00:48:31.635379,5.653186857665573,150.9883419975369,33.3,29.7,992.8,353.8
501,2024-04-28 00:48:31.654170,5.652100287928976,150.98911778982801,33.3,29.7,992.8,353.9
501,2024-04-28 00:48:32.676376,5.600197358928384,151.02617075697373,33.2,29.7,992.8,353.9
502,2024-04-28 00:48:32.697254,5.599140036664242,151.02692547023804,33.3,29.7,992.8,353.9
502,2024-04-28 00:48:33.736765,5.547110006434444,151.0640595263614,33.2,29.6,992.8,353.9
503,2024-04-28 00:48:33.779953,5.544956109192699,151.0655965693769,33.3,27.8,992.8,353.9
503,2024-04-28 00:48:34.802634,5.4920120664640155,151.10337294498154,33.3,29.7,992.8,353.9
504,2024-04-28 00:48:34.822016,5.490933503906723,151.10414241551553,33.3,29.7,992.8,353.9
504,2024-04-28 00:48:35.843993,5.438992772775618,151.14119338611707,33.0,29.5,992.8,353.9
505,2024-04-28 00:48:35.864056,5.437954814089928,151.1419337013725,33.0,29.5,992.8,353.9
505,2024-04-28 00:48:36.886356,5.38596191703834,151.17901253401368,33.8,29.9,992.8,353.9
506,2024-04-28 00:48:36.906631,5.3848804368330905,151.17978369695493,33.8,29.9,992.8,353.9
506,2024-04-28 00:48:37.928941,5.3328927049606,151.2168495800485,32.9,29.8,992.8,353.9
507,2024-04-28 00:48:37.950283,5.331823381902405,151.21761188459735,33.3,29.6,992.8,353.9
507,2024-04-28 00:48:38.988229,5.279756198675355,151.25472522455158,33.4,29.6,992.8,353.9
508,2024-04-28 00:48:39.012450,5.2776998458608695,151.25619080328883,33.4,29.9,992.8,353.9
508,2024-04-28 00:48:40.034488,5.225705125584058,151.2932432406659,33.4,29.7,992.8,353.9
509,2024-04-28 00:48:40.052420,5.22465009346231,151.29399498543464,33.4,29.7,992.8,353.9
509,2024-04-28 00:48:41.075156,5.172765652076884,151.3309598856241,33.4,29.7,992.8,353.9
510,2024-04-28 00:48:41.094446,5.171657723987099,151.33174913047432,33.4,29.7,992.8,353.9
510,2024-04-28 00:48:42.116720,5.119731795274155,151.36873472138993,33.4,29.5,992.8,353.9
511,2024-04-28 00:48:42.135970,5.118649977204724,151.36950518269865,33.4,29.5,992.8,353.9
511,2024-04-28 00:48:43.157219,5.066714406080923,151.40648886707493,33.4,29.8,992.8,353.9
512,2024-04-28 00:48:43.178350,5.065683800833657,151.40722268193693,33.4,29.8,992.8,353.9
512,2024-04-28 00:48:44.216528,5.013605630550019,151.44429920335278,33.1,29.6,992.8,353.9
513,2024-04-28 00:48:44.259126,5.011527665765505,151.4457784130426,33.9,28.9,992.8,353.9
513,2024-04-28 00:48:45.280327,4.958602062493772,151.48344924753806,33.9,29.7,992.8,353.9
514,2024-04-28 00:48:45.298226,4.957580414928189,151.4841763399033,33.9,29.7,992.8,353.9
514,2024-04-28 00:48:46.319881,4.905697056248156,151.52109678787485,33.9,29.9,992.8,353.9
515,2024-04-28 00:48:46.336970,4.904666600246717,151.52182998187482,33.9,29.9,992.8,353.9
515,2024-04-28 00:48:47.359028,4.852782687604756,151.55874245089782,33.2,29.6,992.8,353.9
516,2024-04-28 00:48:47.377449,4.851738941756744,151.5594849334108,33.2,29.6,992.8,353.9
516,2024-04-28 00:48:48.400519,4.799805617009996,151.59642426220665,33.1,29.6,992.8,353.9
517,2024-04-28 00:48:48.420119,4.798692054529013,151.59721623266722,33.1,29.6,992.8,353.9
517,2024-04-28 00:48:49.458876,4.746700934381752,151.63418844107704,33.0,29.4,992.8,354.0
518,2024-04-28 00:48:49.498634,4.74452554563031,151.63573524101997,33.3,29.8,992.8,354.0
518,2024-04-28 00:48:50.520059,4.691815949316099,151.67320990389626,33.9,29.6,992.8,354.0
519,2024-04-28 00:48:50.538560,4.69077434443268,151.67395036633698,33.9,29.6,992.8,354.0
519,2024-04-28 00:48:51.559589,4.6388486858070195,151.71085960457026,33.0,29.6,992.8,354.0
520,2024-04-28 00:48:51.578715,4.637826590343553,151.71158604125475,33.0,29.6,992.8,354.0
520,2024-04-28 00:48:52.600240,4.585881424419715,151.748501223843,34.0,29.6,992.8,354.0
521,2024-04-28 00:48:52.620105,4.584806972937915,151.7492647086586,34.0,29.6,992.8,354.0
521,2024-04-28 00:48:53.661614,4.532808146369248,151.7862101754478,33.1,29.5,992.8,354.0
522,2024-04-28 00:48:53.684645,4.530733410144502,151.7876841291607,33.1,29.5,992.8,354.0
522,2024-04-28 00:48:54.719787,4.478568021904243,151.82473999515275,33.7,29.8,992.8,354.0
